Customer,Contact Name,ID,Supplier,Product,Value
"Eldon Base for stackable storage shelf, platinum",Muhammed MacIntyre,3,Nunavut,Storage & Organization,0.8
"1.7 Cubic Foot Compact ""Cube"" Office Refrigerators",Barry French,293,Nunavut,Appliances,0.58
"Cardinal Slant-D® Ring Binder, Heavy Gauge Vinyl",Barry French,293,Nunavut,Binders and Binder Accessories,0.39
R380,Clay Rozendal,483,Nunavut,Telephones and Communication,0.58
Holmes HEPA Air Purifier,Carlos Soltero,515,Nunavut,Appliances,0.5
G.E. Longer-Life Indoor Recessed Floodlight Bulbs,Carlos Soltero,515,Nunavut,Office Furnishings,0.37
"Angle-D Binders with Locking Rings, Label Holders",Carl Jackson,613,Nunavut,Binders and Binder Accessories,0.38
"SAFCO Mobile Desk Side File, Wire Frame",Carl Jackson,613,Nunavut,Storage & Organization,
"SAFCO Commercial Wire Shelving, Black",Monica Federle,643,Nunavut,Storage & Organization,
Xerox 198,Dorothy Badders,678,Nunavut,Paper,0.38
Xerox 1980,Neola Schneider,807,Nunavut,Paper,0.4
Advantus Map Pennant Flags and Round Head Tacks,Neola Schneider,807,Nunavut,Rubber Bands,0.53
Holmes HEPA Air Purifier,Carlos Daly,868,Nunavut,Appliances,0.5
"DS/HD IBM Formatted Diskettes, 200/Pack - Staples",Carlos Daly,868,Nunavut,Computer Peripherals,0.71
"Wilson Jones 1"" Hanging DublLock® Ring Binders",Claudia Miner,933,Nunavut,Binders and Binder Accessories,0.37
Ultra Commercial Grade Dual Valve Door Closer,Neola Schneider,995,Nunavut,Office Furnishings,0.53
"#10-4 1/8"" x 9 1/2"" Premium Diagonal Seam Envelopes",Allen Rosenblatt,998,Nunavut,Envelopes,0.4
Hon 4-Shelf Metal Bookcases,Sylvia Foulston,1154,Nunavut,Bookcases,0.6
"Lesro Sheffield Collection Coffee Table, End Table, Center Table, Corner Table",Sylvia Foulston,1154,Nunavut,Tables,0.68
g520,Jim Radford,1344,Nunavut,Telephones and Communication,0.59
LX 788,Jim Radford,1344,Nunavut,Telephones and Communication,0.58
Avery 52,Carlos Soltero,1412,Nunavut,Labels,0.38
Plymouth Boxed Rubber Bands by Plymouth,Carlos Soltero,1412,Nunavut,Rubber Bands,0.8
"GBC Pre-Punched Binding Paper, Plastic, White, 8-1/2"" x 11""",Carl Ludwig,1539,Nunavut,Binders and Binder Accessories,0.37
"Maxell 3.5"" DS/HD IBM-Formatted Diskettes, 10/Pack",Carl Ludwig,1539,Nunavut,Computer Peripherals,0.66
Newell 335,Don Miller,1540,Nunavut,Pens & Art Supplies,0.56
SANFORD Liquid Accent™ Tank-Style Highlighters,Annie Cyprus,1702,Nunavut,Pens & Art Supplies,0.54
Canon PC940 Copier,Carl Ludwig,1761,Nunavut,Copiers and Fax,0.38
"Tenex Personal Project File with Scoop Front Design, Black",Carlos Soltero,1792,Nunavut,Storage & Organization,0.59
Col-Erase® Pencils with Erasers,Grant Carroll,2275,Nunavut,Pens & Art Supplies,0.56
"Imation 3.5"" DS/HD IBM Formatted Diskettes, 10/Pack",Don Miller,2277,Nunavut,Computer Peripherals,0.75
"White Dual Perf Computer Printout Paper, 2700 Sheets, 1 Part, Heavyweight, 20 lbs., 14 7/8 x 11",Don Miller,2277,Nunavut,Paper,0.36
Self-Adhesive Address Labels for Typewriters by Universal,Alan Barnes,2532,Nunavut,Labels,0.38
Accessory37,Alan Barnes,2532,Nunavut,Telephones and Communication,0.81
Fuji 5.2GB DVD-RAM,Jack Garza,2631,Nunavut,Computer Peripherals,0.55
Bevis Steel Folding Chairs,Julia West,2757,Nunavut,Chairs & Chairmats,0.57
Avery Binder Labels,Eugene Barchas,2791,Nunavut,Binders and Binder Accessories,0.37
Hon Every-Day® Chair Series Swivel Task Chairs,Eugene Barchas,2791,Nunavut,Chairs & Chairmats,0.64
"IBM Multi-Purpose Copy Paper, 8 1/2 x 11"", Case",Eugene Barchas,2791,Nunavut,Paper,0.4
Global Troy™ Executive Leather Low-Back Tilter,Edward Hooks,2976,Nunavut,Chairs & Chairmats,0.6
XtraLife® ClearVue™ Slant-D® Ring Binders by Cardinal,Brad Eason,3232,Nunavut,Binders and Binder Accessories,0.35
Computer Printout Paper with Letter-Trim Perforations,Nicole Hansen,3524,Nunavut,Paper,0.37
6160,Dorothy Wardle,3908,Nunavut,Telephones and Communication,0.57
Avery 49,Aaron Bergman,4132,Nunavut,Labels,0.36
Hoover Portapower™ Portable Vacuum,Jim Radford,4612,Nunavut,Appliances,0.6
Timeport L7089,Annie Cyprus,4676,Nunavut,Telephones and Communication,0.58
Avery 510,Annie Cyprus,4676,Nunavut,Labels,0.37
Xerox 1881,Annie Cyprus,4676,Nunavut,Paper,0.38
LX 788,Annie Cyprus,4676,Nunavut,Telephones and Communication,0.58
"Cardinal Slant-D® Ring Binder, Heavy Gauge Vinyl",Annie Cyprus,5284,Nunavut,Binders and Binder Accessories,0.39
"Memorex 4.7GB DVD-RAM, 3/Pack",Clay Rozendal,5316,Nunavut,Computer Peripherals,0.42
Unpadded Memo Slips,Don Jones,5409,Nunavut,Paper,0.35
"Adams Telephone Message Book W/Dividers/Space For Phone Numbers, 5 1/4""X8 1/2"", 300/Messages",Beth Thompson,5506,Nunavut,Paper,0.36
"Eldon Expressions™ Desk Accessory, Wood Pencil Holder, Oak",Frank Price,5569,Nunavut,Office Furnishings,0.55
Bell Sonecor JB700 Caller ID,Michelle Lonsdale,5607,Nunavut,Telephones and Communication,0.6
Avery Arch Ring Binders,Ann Chong,5894,Nunavut,Binders and Binder Accessories,0.38
APC 7 Outlet Network SurgeArrest Surge Protector,Ann Chong,5894,Nunavut,Appliances,0.55
"Deflect-o RollaMat Studded, Beveled Mat for Medium Pile Carpeting",Joy Bell,5925,Nunavut,Office Furnishings,0.67
Accessory4,Joy Bell,5925,Nunavut,Telephones and Communication,0.85
Personal Creations™ Ink Jet Cards and Labels,Skye Norling,6016,Nunavut,Paper,0.36
High Speed Automatic Electric Letter Opener,Barry Weirich,6116,Nunavut,"Scissors, Rulers and Trimmers",0.81
Xerox 1966,Grant Carroll,6182,Nunavut,Paper,0.36
Xerox 213,Grant Carroll,6182,Nunavut,Paper,0.37
"Boston Electric Pencil Sharpener, Model 1818, Charcoal Black",Adrian Hane,6535,Nunavut,Pens & Art Supplies,0.57
Hammermill CopyPlus Copy Paper (20Lb. and 84 Bright),Skye Norling,6884,Nunavut,Paper,0.36
"Telephone Message Books with Fax/Mobile Section, 5 1/2"" x 3 3/16""",Skye Norling,6884,Nunavut,Paper,0.39
Crate-A-Files™,Andrew Gjertsen,6916,Nunavut,Storage & Organization,0.59
"Angle-D Binders with Locking Rings, Label Holders",Ralph Knight,6980,Nunavut,Binders and Binder Accessories,0.38
"80 Minute CD-R Spindle, 100/Pack - Staples",Dorothy Wardle,6982,Nunavut,Computer Peripherals,0.54
"Bush Westfield Collection Bookcases, Dark Cherry Finish, Fully Assembled",Dorothy Wardle,6982,Nunavut,Bookcases,0.78
12-1/2 Diameter Round Wall Clock,Dorothy Wardle,6982,Nunavut,Office Furnishings,0.49
SAFCO Arco Folding Chair,Grant Carroll,7110,Nunavut,Chairs & Chairmats,
"#10 White Business Envelopes,4 1/8 x 9 1/2",Barry Weirich,7430,Nunavut,Envelopes,0.38
3M Office Air Cleaner,Beth Paige,7906,Nunavut,Appliances,0.5
"Global Leather and Oak Executive Chair, Black",Sylvia Foulston,8391,Nunavut,Chairs & Chairmats,0.56
Xerox 1936,Nicole Hansen,8419,Nunavut,Paper,0.38
Xerox 214,Nicole Hansen,8419,Nunavut,Paper,0.37
Carina Double Wide Media Storage Towers in Natural & Black,Nicole Hansen,8833,Nunavut,Storage & Organization,0.81
Staples® General Use 3-Ring Binders,Beth Paige,8995,Nunavut,Binders and Binder Accessories,0.37
Xerox 1904,Beth Paige,8995,Northwest Territories,Paper,0.36
Luxo Professional Combination Clamp-On Lamps,Beth Paige,8995,Northwest Territories,Office Furnishings,0.59
Xerox 217,Beth Paige,8995,Northwest Territories,Paper,0.37
Revere Boxed Rubber Bands by Revere,Beth Paige,8995,Northwest Territories,Rubber Bands,0.83
"Acco Smartsocket™ Table Surge Protector, 6 Color-Coded Adapter Outlets",Sylvia Foulston,9126,Northwest Territories,Appliances,0.55
"Tennsco Snap-Together Open Shelving Units, Starter Sets and Add-On Units",Bryan Davis,9127,Northwest Territories,Storage & Organization,0.8
Hon 4070 Series Pagoda™ Round Back Stacking Chairs,Joy Bell,9509,Northwest Territories,Chairs & Chairmats,0.57
Xerox 1887,Joy Bell,9509,Northwest Territories,Paper,0.37
Xerox 1891,Joy Bell,9509,Northwest Territories,Paper,0.38
Avery 506,Alan Barnes,9763,Northwest Territories,Labels,0.39
"Bush Heritage Pine Collection 5-Shelf Bookcase, Albany Pine Finish, *Special Order",Grant Carroll,9927,Northwest Territories,Bookcases,0.65
"Lifetime Advantage™ Folding Chairs, 4/Carton",Grant Carroll,9927,Northwest Territories,Chairs & Chairmats,0.57
Microsoft Natural Multimedia Keyboard,Grant Carroll,9927,Northwest Territories,Computer Peripherals,0.73
"Staples Wirebound Steno Books, 6"" x 9"", 12/Pack",Delfina Latchford,10022,Northwest Territories,Paper,0.36
"GBC Pre-Punched Binding Paper, Plastic, White, 8-1/2"" x 11""",Don Jones,10437,Northwest Territories,Binders and Binder Accessories,0.37
Bevis Boat-Shaped Conference Table,Doug Bickford,10499,Northwest Territories,Tables,0.75
"Linden® 12"" Wall Clock With Oak Frame",Doug Bickford,10535,Northwest Territories,Office Furnishings,0.55
Newell 326,Doug Bickford,10535,Northwest Territories,Pens & Art Supplies,0.56
Prismacolor Color Pencil Set,Jamie Kunitz,10789,Northwest Territories,Pens & Art Supplies,0.44
Xerox Blank Computer Paper,Anthony Johnson,10791,Northwest Territories,Paper,0.38
600 Series Flip,Ralph Knight,10945,Northwest Territories,Telephones and Communication,0.57
Fellowes Recycled Storage Drawers,Allen Rosenblatt,11137,Northwest Territories,Storage & Organization,0.78
Satellite Sectional Post Binders,Barry Weirich,11202,Northwest Territories,Binders and Binder Accessories,0.39
Deflect-o DuraMat Antistatic Studded Beveled Mat for Medium Pile Carpeting,Doug Bickford,11456,Northwest Territories,Office Furnishings,0.61
Avery 487,Carl Jackson,11460,Northwest Territories,Labels,0.38
Bevis Round Conference Table Top & Single Column Base,Brendan Dodson,11495,Northwest Territories,Tables,0.65
"GBC Twin Loop™ Wire Binding Elements, 9/16"" Spine, Black",Edward Hooks,11911,Northwest Territories,Binders and Binder Accessories,0.36
Hanging Personal Folder File,Jamie Kunitz,11941,Northwest Territories,Storage & Organization,0.6
"Bevis Round Conference Table Top, X-Base",Jamie Kunitz,11941,Northwest Territories,Tables,0.74
5125,Michelle Lonsdale,12096,Northwest Territories,Telephones and Communication,0.59
Electrix Halogen Magnifier Lamp,Michelle Lonsdale,12096,Northwest Territories,Office Furnishings,0.59
Canon BP1200DH 12-Digit Bubble Jet Printing Calculator,Brendan Dodson,12289,Northwest Territories,Office Machines,0.36
Fellowes Black Plastic Comb Bindings,Hunter Glantz,12352,Northwest Territories,Binders and Binder Accessories,0.39
Polycom ViewStation™ Adapter H323 Videoconferencing Unit,Sylvia Foulston,12419,Northwest Territories,Office Machines,0.38
Hon GuestStacker Chair,Eugene Barchas,12485,Northwest Territories,Chairs & Chairmats,0.59
Eldon® Wave Desk Accessories,Jim Radford,12544,Northwest Territories,Office Furnishings,0.43
Sharp AL-1530CS Digital Copier,Carlos Soltero,12704,Northwest Territories,Copiers and Fax,0.36
"Tennsco Lockers, Gray",Carlos Soltero,12704,Northwest Territories,Storage & Organization,0.78
"Avery 4027 File Folder Labels for Dot Matrix Printers, 5000 Labels per Box, White",Carlos Soltero,12771,Northwest Territories,Labels,0.39
Newell 323,Carlos Soltero,12771,Northwest Territories,Pens & Art Supplies,0.59
Global Enterprise Series Seating High-Back Swivel/Tilt Chairs,Jim Radford,12929,Northwest Territories,Chairs & Chairmats,0.77
Spiral Phone Message Books with Labels by Adams,Jim Radford,12929,Northwest Territories,Paper,0.36
Crate-A-Files™,Grant Carroll,13280,Northwest Territories,Storage & Organization,0.59
Bell Sonecor JB700 Caller ID,Grant Carroll,13280,Northwest Territories,Telephones and Communication,0.6
Holmes 99% HEPA Air Purifier,Skye Norling,13313,Northwest Territories,Appliances,0.52
Xerox 224,Doug Bickford,13346,Northwest Territories,Paper,0.37
Xerox 1906,Grant Carroll,13702,Northwest Territories,Paper,0.38
"GBC Pre-Punched Binding Paper, Plastic, White, 8-1/2"" x 11""",Muhammed MacIntyre,13795,Northwest Territories,Binders and Binder Accessories,0.37
Xerox 188,Muhammed MacIntyre,13795,Northwest Territories,Paper,0.36
Xerox 1932,Muhammed MacIntyre,13795,Northwest Territories,Paper,0.38
GBC Linen Binding Covers,Doug Bickford,14116,Northwest Territories,Binders and Binder Accessories,0.37
GBC Recycled Grain Textured Covers,Doug Bickford,14116,Northwest Territories,Binders and Binder Accessories,0.37
"Sauder Facets Collection Library, Sky Alder Finish",Beth Thompson,14372,Northwest Territories,Bookcases,0.69
"Fellowes Basic 104-Key Keyboard, Platinum",Ralph Knight,14726,Northwest Territories,Computer Peripherals,0.6
Kensington 7 Outlet MasterPiece Power Center with Fax/Phone Line Protection,Carl Jackson,14819,Northwest Territories,Appliances,0.55
O'Sullivan 3-Shelf Heavy-Duty Bookcases,Carl Jackson,14819,Northwest Territories,Bookcases,0.61
G.E. Longer-Life Indoor Recessed Floodlight Bulbs,Dorothy Badders,15106,Northwest Territories,Office Furnishings,0.37
Panasonic KX-P1150 Dot Matrix Printer,Dorothy Badders,15106,Northwest Territories,Office Machines,0.56
Newell 327,Dorothy Badders,15106,Northwest Territories,Pens & Art Supplies,0.58
Xerox 1893,Delfina Latchford,15108,Northwest Territories,Paper,0.36
"Hon Deluxe Fabric Upholstered Stacking Chairs, Rounded Back",Julia West,15205,Northwest Territories,Chairs & Chairmats,0.55
Eldon Radial Chair Mat for Low to Medium Pile Carpets,Julia West,15205,Northwest Territories,Office Furnishings,0.65
"DAX Copper Panel Document Frame, 5 x 7 Size",Brad Eason,15591,Northwest Territories,Office Furnishings,0.43
O'Sullivan 2-Shelf Heavy-Duty Bookcases,Thomas Seio,15907,Northwest Territories,Bookcases,0.69
"Tenex 46"" x 60"" Computer Anti-Static Chairmat, Rectangular Shaped",Thomas Seio,15907,Northwest Territories,Office Furnishings,0.65
"Wirebound Message Books, 2 7/8"" x 5"", 3 Forms per Page",Thomas Seio,15907,Northwest Territories,Paper,0.38
"Memorex Slim 80 Minute CD-R, 10/Pack",Monica Federle,15937,Northwest Territories,Computer Peripherals,0.43
Aluminum Document Frame,Monica Federle,15937,Northwest Territories,Office Furnishings,0.55
"Memorex 80 Minute CD-R Spindle, 100/Pack",Michelle Lonsdale,16039,Northwest Territories,Computer Peripherals,0.44
"Multi-Use Personal File Cart and Caster Set, Three Stacking Bins",Frank Price,16193,Northwest Territories,Storage & Organization,0.57
Accessory36,Frank Price,16193,Northwest Territories,Telephones and Communication,0.83
Xerox 20,Bryan Davis,16423,Northwest Territories,Paper,0.37
Surelock™ Post Binders,Don Jones,16451,Northwest Territories,Binders and Binder Accessories,0.35
Colorific® Watercolor Pencils,Carlos Soltero,16545,Northwest Territories,Pens & Art Supplies,0.56
"*Staples* vLetter Openers, 2/Pack",Carlos Soltero,16545,Northwest Territories,"Scissors, Rulers and Trimmers",0.83
Hon 4700 Series Mobuis™ Mid-Back Task Chairs with Adjustable Arms,Nicole Hansen,16547,Northwest Territories,Chairs & Chairmats,0.64
BoxOffice By Design Rectangular and Half-Moon Meeting Room Tables,Nicole Hansen,16547,Northwest Territories,Tables,0.77
Eldon Econocleat® Chair Mats for Low Pile Carpets,Beth Thompson,16706,Northwest Territories,Office Furnishings,0.73
Prang Drawing Pencil Set,Beth Thompson,16706,Northwest Territories,Pens & Art Supplies,0.58
T39m,Beth Thompson,16706,Northwest Territories,Telephones and Communication,0.55
Xerox 1982,Nicole Hansen,16741,Northwest Territories,Paper,0.39
Xerox 1924,Carlos Soltero,16932,Northwest Territories,Paper,0.36
Turquoise Lead Holder with Pocket Clip,Carlos Soltero,16932,Northwest Territories,Pens & Art Supplies,0.52
Okidata ML395C Color Dot Matrix Printer,Dorothy Badders,17283,Northwest Territories,Office Machines,0.59
Global Enterprise Series Seating High-Back Swivel/Tilt Chairs,Muhammed MacIntyre,17286,Northwest Territories,Chairs & Chairmats,0.77
Microsoft Internet Keyboard,Muhammed MacIntyre,17409,Northwest Territories,Computer Peripherals,0.78
Xerox 1982,Don Miller,17764,Northwest Territories,Paper,0.39
Global Ergonomic Managers Chair,Sylvia Foulston,18080,Northwest Territories,Chairs & Chairmats,0.59
"Office Star - Contemporary Task Swivel chair with 2-way adjustable arms, Plum",Becky Castell,18113,Northwest Territories,Chairs & Chairmats,0.78
Xerox 1971,Dorothy Wardle,18144,Northwest Territories,Paper,0.4
Eldon Portable Mobile Manager,Dorothy Wardle,18144,Northwest Territories,Storage & Organization,0.58
Accessory6,Dorothy Wardle,18144,Northwest Territories,Telephones and Communication,0.8
Durable Pressboard Binders,Ann Chong,18308,Northwest Territories,Binders and Binder Accessories,0.38
Fellowes 17-key keypad for PS/2 interface,Ann Chong,18308,Northwest Territories,Computer Peripherals,0.75
StarTAC ST7762,Ann Chong,18308,Northwest Territories,Telephones and Communication,0.57
Accessory21,Clay Rozendal,18887,Northwest Territories,Telephones and Communication,0.37
Fellowes PB500 Electric Punch Plastic Comb Binding Machine with Manual Bind,Grant Carroll,19010,Northwest Territories,Binders and Binder Accessories,0.35
Staples 6 Outlet Surge,Brendan Dodson,19078,Northwest Territories,Appliances,0.58
Recycled Eldon Regeneration Jumbo File,Carlos Daly,19138,Northwest Territories,Storage & Organization,0.57
Verbatim DVD-R 4.7GB authoring disc,Alan Barnes,19655,Northwest Territories,Computer Peripherals,0.51
Canon P1-DHIII Palm Printing Calculator,Alan Barnes,19686,Northwest Territories,Office Machines,0.4
GBC Binding covers,Alan Barnes,19686,Northwest Territories,Binders and Binder Accessories,0.4
Newell 323,Nicole Hansen,20007,Northwest Territories,Pens & Art Supplies,0.59
"Global Stack Chair without Arms, Black",Cari Schnelling,20071,Northwest Territories,Chairs & Chairmats,0.6
"Speediset Carbonless Redi-Letter® 7"" x 8 1/2""",Chad Cunningham,20160,Northwest Territories,Paper,0.38
GBC Recycled Regency Composition Covers,Bryan Mills,20263,Northwest Territories,Binders and Binder Accessories,0.39
Accessory29,Bryan Mills,20263,Northwest Territories,Telephones and Communication,0.83
Newell 323,Adrian Hane,21285,Northwest Territories,Pens & Art Supplies,0.59
SANFORD Major Accent™ Highlighters,Adrian Hane,21285,Northwest Territories,Pens & Art Supplies,0.47
Polycom ViaVideo™ Desktop Video Communications Unit,Rick Reed,21383,Northwest Territories,Office Machines,0.37
"Dixon Ticonderoga Core-Lock Colored Pencils, 48-Color Set",Heather Kirkland,21607,Northwest Territories,Pens & Art Supplies,0.41
Accessory24,Fred Wasserman,21636,Northwest Territories,Telephones and Communication,0.59
"Howard Miller 13-3/4"" Diameter Brushed Chrome Round Wall Clock",Becky Castell,21889,Northwest Territories,Office Furnishings,0.55
Recycled Steel Personal File for Standard File Folders,Becky Castell,21889,Northwest Territories,Storage & Organization,0.59
"Eldon Expressions™ Desk Accessory, Wood Pencil Holder, Oak",Beth Thompson,22151,Northwest Territories,Office Furnishings,0.55
Accessory39,Claudia Miner,22342,Northwest Territories,Telephones and Communication,0.81
Bell Sonecor JB700 Caller ID,Jack Lebron,22469,Northwest Territories,Telephones and Communication,0.6
"#10- 4 1/8"" x 9 1/2"" Security-Tint Envelopes",Alan Barnes,22501,Northwest Territories,Envelopes,0.36
GBC Standard Plastic Binding Systems Combs,Carlos Soltero,22532,Northwest Territories,Binders and Binder Accessories,0.36
Xerox 1930,Clay Rozendal,23264,Northwest Territories,Paper,0.36
Avery 474,Clay Rozendal,23264,Northwest Territories,Labels,0.36
"Riverside Palais Royal Lawyers Bookcase, Royale Cherry Finish",Julia West,23488,Northwest Territories,Bookcases,0.62
Hewlett-Packard Deskjet 6122 Color Inkjet Printer,Alan Barnes,23584,Northwest Territories,Office Machines,0.36
"IBM 80 Minute CD-R Spindle, 50/Pack",Joy Bell,24007,Northwest Territories,Computer Peripherals,0.48
"Peel & Seel® Recycled Catalog Envelopes, Brown",Joy Bell,24007,Northwest Territories,Envelopes,0.35
Avery 506,Joy Bell,24007,Northwest Territories,Labels,0.39
Prang Drawing Pencil Set,Jack Lebron,24038,Northwest Territories,Pens & Art Supplies,0.45
TDK 4.7GB DVD+RW,Anthony Johnson,24097,Northwest Territories,Computer Peripherals,0.49
U.S. Robotics 56K Internet Call Modem,Anthony Johnson,24097,Northwest Territories,Computer Peripherals,0.5
Xerox 190,Anthony Johnson,24097,Northwest Territories,Paper,0.38
Standard Line™ “While You Were Out” Hardbound Telephone Message Book,Eugene Barchas,24128,Northwest Territories,Paper,0.39
CF 888,Eugene Barchas,24128,Northwest Territories,Telephones and Communication,0.59
Hewlett-Packard Deskjet 6122 Color Inkjet Printer,Thomas Seio,24294,Northwest Territories,Office Machines,0.36
Dana Halogen Swing-Arm Architect Lamp,Bryan Mills,24387,Northwest Territories,Office Furnishings,0.57
"SAFCO PlanMaster Heigh-Adjustable Drafting Table Base, 43w x 30d x 30-37h, Black",Bryan Mills,24387,Northwest Territories,Tables,
Lexmark Z25 Color Inkjet Printer,Eugene Barchas,24515,Northwest Territories,Office Machines,0.37
Hon Multipurpose Stacking Arm Chairs,Sylvia Foulston,24743,Northwest Territories,Chairs & Chairmats,0.59
Hon Olson Stacker Stools,Sylvia Foulston,24743,Northwest Territories,Chairs & Chairmats,0.57
"Executive Impressions 14"" Two-Color Numerals Wall Clock",Carl Ludwig,24871,Northwest Territories,Office Furnishings,0.44
12-1/2 Diameter Round Wall Clock,Julia West,25318,Northwest Territories,Office Furnishings,0.49
Epson DFX5000+ Dot Matrix Printer,Don Jones,25377,Northwest Territories,Office Machines,0.57
"Fellowes Basic 104-Key Keyboard, Platinum",Mike Pelletier,25634,Northwest Territories,Computer Peripherals,0.6
"Recycled Interoffice Envelopes with String and Button Closure, 10 x 13",Mike Pelletier,25634,Northwest Territories,Envelopes,0.35
GBC Standard Therm-A-Bind Covers,Eugene Barchas,25733,Northwest Territories,Binders and Binder Accessories,0.39
"80 Minute CD-R Spindle, 100/Pack - Staples",Ann Chong,25767,Northwest Territories,Computer Peripherals,0.54
Xerox 1892,Ann Chong,25767,Northwest Territories,Paper,0.36
Staples Paper Clips,Charles McCrossin,26023,Northwest Territories,Rubber Bands,0.38
"Metal Folding Chairs, Beige, 4/Carton",Annie Cyprus,26051,Northwest Territories,Chairs & Chairmats,0.58
"80 Minute Slim Jewel Case CD-R , 10/Pack - Staples",Annie Cyprus,26051,Northwest Territories,Computer Peripherals,0.52
Computer Printout Paper with Letter-Trim Perforations,Carlos Soltero,26116,Northwest Territories,Paper,0.37
Bush Mission Pointe Library,Doug Bickford,26182,Northwest Territories,Bookcases,0.65
Hon Olson Stacker Stools,Carlos Daly,26272,Northwest Territories,Chairs & Chairmats,0.57
Xerox 1929,Fred Wasserman,26370,Northwest Territories,Paper,0.39
Home/Office Personal File Carts,Fred Wasserman,26370,Northwest Territories,Storage & Organization,0.6
Avery 507,Sylvia Foulston,26499,Northwest Territories,Labels,0.39
i470,Michelle Lonsdale,26531,Northwest Territories,Telephones and Communication,0.56
3M Organizer Strips,Sylvia Foulston,26567,Northwest Territories,Binders and Binder Accessories,0.37
"Imation 3.5 IBM Diskettes, 10/Box",Sylvia Foulston,26567,Northwest Territories,Computer Peripherals,0.79
"GE 4 Foot Flourescent Tube, 40 Watt",Sylvia Foulston,26567,Northwest Territories,Office Furnishings,0.39
300 Series Non-Flip,Sylvia Foulston,26567,Northwest Territories,Telephones and Communication,0.6
"Executive Impressions 13"" Chairman Wall Clock",Charlotte Melton,26854,Northwest Territories,Office Furnishings,0.5
Micro Innovations 104 Keyboard,Barry French,27109,Northwest Territories,Computer Peripherals,0.64
US Robotics 56K V.92 External Faxmodem,Heather Kirkland,27111,Northwest Territories,Computer Peripherals,0.52
Fellowes Staxonsteel® Drawer Files,Heather Kirkland,27111,Northwest Territories,Storage & Organization,0.71
Accessory39,Heather Kirkland,27111,Northwest Territories,Telephones and Communication,0.81
Telescoping Adjustable Floor Lamp,Henry Goldwyn,27264,Northwest Territories,Office Furnishings,0.6
Canon MP41DH Printing Calculator,Frank Price,27392,Northwest Territories,Office Machines,0.38
"Sauder Facets Collection Locker/File Cabinet, Sky Alder Finish",Jim Radford,27553,Northwest Territories,Storage & Organization,0.65
VTech VT20-2481 2.4GHz Two-Line Phone System w/Answering Machine,Jim Radford,27553,Northwest Territories,Telephones and Communication,0.57
"Memo Book, 100 Message Capacity, 5 3/8” x 11”",Ralph Knight,27555,Northwest Territories,Paper,0.35
Belkin 6 Outlet Metallic Surge Strip,Delfina Latchford,27680,Northwest Territories,Appliances,0.59
Xerox 21,Delfina Latchford,27680,Northwest Territories,Paper,0.37
GBC DocuBind TL200 Manual Binding Machine,Roy Skaria,27778,Northwest Territories,Binders and Binder Accessories,0.38
"Sauder Forest Hills Library, Woodland Oak Finish",Roy Skaria,27778,Northwest Territories,Bookcases,0.77
Xerox 1940,Monica Federle,27909,Northwest Territories,Paper,0.36
Bagged Rubber Bands,Monica Federle,27909,Northwest Territories,Rubber Bands,0.81
Xerox 1897,Charles McCrossin,28003,Northwest Territories,Paper,0.36
Poly Designer Cover & Back,Don Miller,28035,Northwest Territories,Binders and Binder Accessories,0.37
Bionaire Personal Warm Mist Humidifier/Vaporizer,Jeremy Lonsdale,28135,Northwest Territories,Appliances,0.46
"Acme® 8"" Straight Scissors",Jeremy Lonsdale,28135,Northwest Territories,"Scissors, Rulers and Trimmers",0.6
Heavy-Duty E-Z-D® Binders,Grant Carroll,28165,Northwest Territories,Binders and Binder Accessories,0.38
Hammermill CopyPlus Copy Paper (20Lb. and 84 Bright),Carl Ludwig,28289,Northwest Territories,Paper,0.36
Deluxe Rollaway Locking File with Drawer,Carlos Daly,28486,Northwest Territories,Storage & Organization,0.57
252,Ralph Knight,28675,Northwest Territories,Telephones and Communication,0.55
6160,Cindy Schnelling,28870,Northwest Territories,Telephones and Communication,0.57
"Imation 3.5, DISKETTE 44766 HGHLD3.52HD/FM, 10/Pack",Claudia Miner,28871,Northwest Territories,Computer Peripherals,0.79
Prismacolor Color Pencil Set,Roy Skaria,29030,Northwest Territories,Pens & Art Supplies,0.44
Wilson Jones DublLock® D-Ring Binders,Delfina Latchford,29095,Northwest Territories,Binders and Binder Accessories,0.35
Binder Posts,Edward Hooks,29287,Northwest Territories,Binders and Binder Accessories,0.39
Epson LQ-570e Dot Matrix Printer,Edward Hooks,29287,Northwest Territories,Office Machines,0.56
"Atlantic Metals Mobile 3-Shelf Bookcases, Custom Colors",Don Miller,29510,Northwest Territories,Bookcases,0.59
Fellowes PB300 Plastic Comb Binding Machine,Grant Carroll,29795,Northwest Territories,Binders and Binder Accessories,0.38
Rush Hierlooms Collection Rich Wood Bookcases,Grant Carroll,29795,Northwest Territories,Bookcases,0.72
Avery 481,Brad Eason,29861,Northwest Territories,Labels,0.37
Sharp AL-1530CS Digital Copier,Charles McCrossin,30658,Northwest Territories,Copiers and Fax,0.36
"SAFCO Commercial Wire Shelving, Black",Charles McCrossin,30658,Northwest Territories,Storage & Organization,
"Avery Trapezoid Extra Heavy Duty 4"" Binders",Charles McCrossin,30947,Northwest Territories,Binders and Binder Accessories,0.35
Self-Adhesive Address Labels for Typewriters by Universal,Charles McCrossin,30947,Northwest Territories,Labels,0.38
StarTAC Series,Bryan Mills,31077,Northwest Territories,Telephones and Communication,0.55
"Rediform Wirebound ""Phone Memo"" Message Book, 11 x 5-3/4",Monica Federle,31111,Northwest Territories,Paper,0.36
Dana Halogen Swing-Arm Architect Lamp,Michelle Lonsdale,31169,Northwest Territories,Office Furnishings,0.57
Global Comet™ Stacking Armless Chair,Michelle Lonsdale,31270,Northwest Territories,Chairs & Chairmats,0.57
Hon 4070 Series Pagoda™ Armless Upholstered Stacking Chairs,Michelle Lonsdale,31270,Northwest Territories,Chairs & Chairmats,0.56
"Fellowes Internet Keyboard, Platinum",Michelle Lonsdale,31270,Northwest Territories,Computer Peripherals,0.74
Deluxe Rollaway Locking File with Drawer,Beth Thompson,31364,Northwest Territories,Storage & Organization,0.57
Luxo Economy Swing Arm Lamp,Cindy Schnelling,31393,Northwest Territories,Office Furnishings,0.57
"*Staples* vLetter Openers, 2/Pack",Cindy Schnelling,31393,Northwest Territories,"Scissors, Rulers and Trimmers",0.83
Staples 6 Outlet Surge,Nicole Hansen,31492,Northwest Territories,Appliances,0.58
Acco Perma® 2700 Stacking Storage Drawers,Nicole Hansen,31492,Northwest Territories,Storage & Organization,0.7
Fellowes Stor/Drawer® Steel Plus™ Storage Drawers,Nicole Hansen,31492,Northwest Territories,Storage & Organization,0.79
Honeywell Enviracaire Portable HEPA Air Cleaner for 17' x 22' Room,Cari Schnelling,31558,Northwest Territories,Appliances,0.52
"Verbatim DVD-RAM, 9.4GB, Rewritable, Type 1, DS, DataLife Plus",Cari Schnelling,31558,Northwest Territories,Computer Peripherals,0.55
Lock-Up Easel 'Spel-Binder',Roy Skaria,31618,Northwest Territories,Binders and Binder Accessories,0.38
"Adams Write n' Stick Phone Message Book, 11"" X 5 1/4"", 200 Messages",Susan Vittorini,31684,Northwest Territories,Paper,0.39
"Tenex File Box, Personal Filing Tote with Lid, Black",Susan Vittorini,31684,Northwest Territories,Storage & Organization,0.59
Fellowes Black Plastic Comb Bindings,Sylvia Foulston,31781,Northwest Territories,Binders and Binder Accessories,0.39
Assorted Color Push Pins,Sylvia Foulston,31781,Northwest Territories,Rubber Bands,0.52
HP Office Paper (20Lb. and 87 Bright),Chad Cunningham,32193,Northwest Territories,Paper,0.37
Staples Vinyl Coated Paper Clips,Chad Cunningham,32193,Northwest Territories,Rubber Bands,0.39
Canon MP41DH Printing Calculator,Carlos Daly,32229,Northwest Territories,Office Machines,0.38
Newell 310,Carlos Daly,32229,Northwest Territories,Pens & Art Supplies,0.56
Kensington 7 Outlet MasterPiece Power Center,Grant Carroll,32743,Northwest Territories,Appliances,0.56
"DAX Metal Frame, Desktop, Stepped-Edge",Julia West,32806,Northwest Territories,Office Furnishings,0.46
Bush Mission Pointe Library,Roy Skaria,33123,Northwest Territories,Bookcases,0.65
Accessory21,Cindy Schnelling,33159,Northwest Territories,Telephones and Communication,0.37
8860,Don Jones,33186,Northwest Territories,Telephones and Communication,0.56
Array® Memo Cubes,Beth Thompson,33377,Northwest Territories,Paper,0.36
"Fiskars 8"" Scissors, 2/Pack",Beth Thompson,33377,Northwest Territories,"Scissors, Rulers and Trimmers",0.56
12 Colored Short Pencils,Alan Barnes,33444,Northwest Territories,Pens & Art Supplies,0.58
Pizazz® Global Quick File™,Alan Barnes,33444,Northwest Territories,Storage & Organization,0.57
Imation 5.2GB DVD-RAM,Carl Ludwig,33703,Northwest Territories,Computer Peripherals,0.5
Acco Perma® 2700 Stacking Storage Drawers,Carl Ludwig,33703,Northwest Territories,Storage & Organization,0.7
Portable Personal File Box,Carl Ludwig,33703,Northwest Territories,Storage & Organization,0.58
"Snap-A-Way® Black Print Carbonless Speed Message, No Reply Area, Duplicate",Jamie Kunitz,33734,Northwest Territories,Paper,0.38
Ibico Covers for Plastic or Wire Binding Elements,Heather Kirkland,33888,Northwest Territories,Binders and Binder Accessories,0.4
Hanging Personal Folder File,Heather Kirkland,33888,Northwest Territories,Storage & Organization,0.6
Tennsco Double-Tier Lockers,Heather Kirkland,33888,Northwest Territories,Storage & Organization,0.72
"Wirebound Message Books, Four 2 3/4"" x 5"" Forms per Page, 600 Sets per Book",Doug Bickford,33894,Northwest Territories,Paper,0.38
"Acme Design Line 8"" Stainless Steel Bent Scissors w/Champagne Handles, 3-1/8"" Cut",Doug Bickford,33894,Northwest Territories,"Scissors, Rulers and Trimmers",0.58
"Imation 3.5"", DISKETTE 44766 HGHLD3.52HD/FM, 10/Pack",Doug Bickford,33894,Northwest Territories,Computer Peripherals,0.64
PC Concepts 116 Key Quantum 3000 Keyboard,Doug Bickford,33894,Northwest Territories,Computer Peripherals,0.75
Epson Stylus 1520 Color Inkjet Printer,Carlos Daly,33922,Northwest Territories,Office Machines,0.37
Avery 494,Toby Braunhardt,34177,Northwest Territories,Labels,0.39
Self-Adhesive Address Labels for Typewriters by Universal,Toby Braunhardt,34177,Northwest Territories,Labels,0.38
Accessory37,Toby Braunhardt,34177,Northwest Territories,Telephones and Communication,0.81
Wilson Jones 14 Line Acrylic Coated Pressboard Data Binders,Cari Schnelling,34215,Northwest Territories,Binders and Binder Accessories,0.38
Eureka Disposable Bags for Sanitaire® Vibra Groomer I® Upright Vac,Thomas Seio,34246,Northwest Territories,Appliances,0.6
AT&T 2230 Dual Handset Phone With Caller ID/Call Waiting,Thomas Seio,34246,Northwest Territories,Office Machines,0.52
"Peel & Seel® Recycled Catalog Envelopes, Brown",Thomas Seio,34246,Northwest Territories,Envelopes,0.35
Cardinal Poly Pocket Divider Pockets for Ring Binders,Brendan Dodson,34631,Northwest Territories,Binders and Binder Accessories,0.4
Canon PC1060 Personal Laser Copier,Brendan Dodson,34631,Northwest Territories,Copiers and Fax,0.41
Sterling Rubber Bands by Alliance,Charlotte Melton,35047,Northwest Territories,Rubber Bands,0.85
Newell 312,Beth Thompson,35266,Northwest Territories,Pens & Art Supplies,0.55
BoxOffice By Design Rectangular and Half-Moon Meeting Room Tables,Beth Thompson,35266,Northwest Territories,Tables,0.77
"Imation 3.5"" DS/HD IBM Formatted Diskettes, 50/Pack",Eugene Barchas,35847,Northwest Territories,Computer Peripherals,0.64
"Avery Flip-Chart Easel Binder, Black",Michelle Lonsdale,36001,Northwest Territories,Binders and Binder Accessories,0.38
GBC Binding covers,Michelle Lonsdale,36001,Northwest Territories,Binders and Binder Accessories,0.4
R280,Grant Carroll,36134,Northwest Territories,Telephones and Communication,0.55
Accessory9,Beth Paige,36135,Northwest Territories,Telephones and Communication,0.39
U.S. Robotics 56K Internet Call Modem,Dorothy Wardle,36644,Northwest Territories,Computer Peripherals,0.5
Tennsco Industrial Shelving,Muhammed MacIntyre,36646,Northwest Territories,Storage & Organization,0.83
Staples Bulldog Clip,Charlotte Melton,36707,Northwest Territories,Rubber Bands,0.39
"Micro Innovations Micro 3000 Keyboard, Black",Muhammed MacIntyre,37253,Northwest Territories,Computer Peripherals,0.75
"Fellowes Basic 104-Key Keyboard, Platinum",Claudia Miner,37541,Northwest Territories,Computer Peripherals,0.65
Xerox 1882,Claudia Miner,37541,Northwest Territories,Paper,0.36
Carina Double Wide Media Storage Towers in Natural & Black,Claudia Miner,37541,Northwest Territories,Storage & Organization,0.81
Portable Personal File Box,Brendan Dodson,37634,Northwest Territories,Storage & Organization,0.58
"Acme Hot Forged Carbon Steel Scissors with Nickel-Plated Handles, 3 7/8"" Cut, 8""L",Dorothy Wardle,37793,Northwest Territories,"Scissors, Rulers and Trimmers",0.56
Eldon Cleatmat® Chair Mats for Medium Pile Carpets,Mike Pelletier,37860,Northwest Territories,Office Furnishings,0.72
Xerox 4200 Series MultiUse Premium Copy Paper (20Lb. and 84 Bright),Edward Hooks,38884,Northwest Territories,Paper,0.4
Hon 94000 Series Round Tables,Edward Hooks,38884,Northwest Territories,Tables,0.76
"Deflect-o RollaMat Studded, Beveled Mat for Medium Pile Carpeting",Jamie Kunitz,39364,Northwest Territories,Office Furnishings,0.67
Fellowes PB500 Electric Punch Plastic Comb Binding Machine with Manual Bind,Jamie Kunitz,39364,Northwest Territories,Binders and Binder Accessories,0.35
"Global High-Back Leather Tilter, Burgundy",Julia West,39457,Northwest Territories,Chairs & Chairmats,0.74
Poly Designer Cover & Back,Jeremy Lonsdale,39683,Northwest Territories,Binders and Binder Accessories,0.37
"Lifetime Advantage™ Folding Chairs, 4/Carton",Jeremy Lonsdale,39683,Northwest Territories,Chairs & Chairmats,0.57
"DAX Contemporary Wood Frame with Silver Metal Mat, Desktop, 11 x 14 Size",Jeremy Lonsdale,39683,Northwest Territories,Office Furnishings,0.49
Stockwell Push Pins,Jeremy Lonsdale,39683,Northwest Territories,Rubber Bands,0.52
"Imation 3.5"", DISKETTE 44766 HGHLD3.52HD/FM, 10/Pack",Cindy Schnelling,39846,Northwest Territories,Computer Peripherals,0.64
8260,Heather Kirkland,40036,Northwest Territories,Telephones and Communication,0.58
3390,Alan Barnes,40067,Northwest Territories,Telephones and Communication,0.57
"Global Deluxe Stacking Chair, Gray",Hunter Glantz,40132,Northwest Territories,Chairs & Chairmats,0.56
Bevis 36 x 72 Conference Tables,Hunter Glantz,40132,Northwest Territories,Tables,0.63
"Avery Flip-Chart Easel Binder, Black",Hunter Glantz,40132,Northwest Territories,Binders and Binder Accessories,0.38
"Howard Miller 16"" Diameter Gallery Wall Clock",Julia West,40160,Northwest Territories,Office Furnishings,0.46
"ACCOHIDE® 3-Ring Binder, Blue, 1""",Carlos Daly,40518,Northwest Territories,Binders and Binder Accessories,0.38
"Global High-Back Leather Tilter, Burgundy",Barry French,40804,Northwest Territories,Chairs & Chairmats,0.74
"Wilson Jones Hanging View Binder, White, 1""",Susan Vittorini,40902,Northwest Territories,Binders and Binder Accessories,0.39
Boston 1730 StandUp Electric Pencil Sharpener,Carl Jackson,41063,Northwest Territories,Pens & Art Supplies,0.59
Accessory31,Carl Jackson,41063,Northwest Territories,Telephones and Communication,0.35
Accessory8,Carl Jackson,41063,Northwest Territories,Telephones and Communication,0.39
Fellowes 17-key keypad for PS/2 interface,Alan Barnes,41153,Northwest Territories,Computer Peripherals,0.75
Hanging Personal Folder File,Charlotte Melton,41184,Northwest Territories,Storage & Organization,0.6
Ibico Covers for Plastic or Wire Binding Elements,Beth Thompson,41409,Northwest Territories,Binders and Binder Accessories,0.4
Hoover Portapower™ Portable Vacuum,Bryan Mills,41696,Northwest Territories,Appliances,0.6
Fellowes Command Center 5-outlet power strip,Alan Barnes,42209,Northwest Territories,Appliances,0.58
SAFCO Arco Folding Chair,Alan Barnes,42209,Northwest Territories,Chairs & Chairmats,
Accessory12,Beth Paige,42561,Northwest Territories,Telephones and Communication,0.35
"Global Leather Highback Executive Chair with Pneumatic Height Adjustment, Black",Mike Pelletier,42564,Northwest Territories,Chairs & Chairmats,0.58
3390,Delfina Latchford,42695,Northwest Territories,Telephones and Communication,0.57
GBC DocuBind TL300 Electric Binding System,Susan Vittorini,42981,Northwest Territories,Binders and Binder Accessories,0.38
"GBC Prepunched Paper, 19-Hole, for Binding Systems, 24-lb",Dorothy Wardle,43109,Northwest Territories,Binders and Binder Accessories,0.39
Microsoft Internet Keyboard,Dorothy Wardle,43109,Northwest Territories,Computer Peripherals,0.78
TDK 4.7GB DVD-R,Dorothy Wardle,43109,Northwest Territories,Computer Peripherals,0.41
Xerox 1977,Susan Vittorini,43203,Northwest Territories,Paper,0.37
DAX Solid Wood Frames,Jamie Kunitz,43236,Northwest Territories,Office Furnishings,0.48
Honeywell Enviracaire® Portable Air Cleaner for up to 8 x 10 Room,Fred Wasserman,43267,Northwest Territories,Appliances,0.54
Belkin 8 Outlet SurgeMaster II Gold Surge Protector,Doug Bickford,43329,Northwest Territories,Appliances,0.57
8260,Fred Wasserman,43330,Northwest Territories,Telephones and Communication,0.58
"Recycled Interoffice Envelopes with String and Button Closure, 10 x 13",Susan Vittorini,43364,Northwest Territories,Envelopes,0.35
Multimedia Mailers,Doug Bickford,43392,Northwest Territories,Envelopes,0.39
"White Business Envelopes with Contemporary Seam, Recycled White Business Envelopes",Claudia Miner,43781,Northwest Territories,Envelopes,0.35
"Avery Trapezoid Ring Binder, 3"" Capacity, Black, 1040 sheets",Claudia Miner,43781,Northwest Territories,Binders and Binder Accessories,0.36
"DXL™ Angle-View Binders with Locking Rings, Black",Frank Price,44071,Northwest Territories,Binders and Binder Accessories,0.38
8260,Frank Price,44071,Northwest Territories,Telephones and Communication,0.58
Newell® 3-Hole Punched Plastic Slotted Magazine Holders for Binders,Dorothy Wardle,44519,Northwest Territories,Binders and Binder Accessories,0.37
Laser & Ink Jet Business Envelopes,Dorothy Wardle,44519,Northwest Territories,Envelopes,0.39
Okidata ML390 Turbo Dot Matrix Printers,Dorothy Wardle,44519,Northwest Territories,Office Machines,0.56
"Eldon Regeneration Recycled Desk Accessories, Smoke",Allen Rosenblatt,44708,Northwest Territories,Office Furnishings,0.53
Accessory36,Dorothy Wardle,44772,Northwest Territories,Telephones and Communication,0.83
"Linden® 12"" Wall Clock With Oak Frame",Julia West,44839,Northwest Territories,Office Furnishings,0.55
2160i,Ralph Knight,45217,Northwest Territories,Telephones and Communication,0.59
Global Deluxe High-Back Office Chair in Storm,Michelle Lonsdale,45440,Northwest Territories,Chairs & Chairmats,0.76
"Howard Miller 16"" Diameter Gallery Wall Clock",Charlotte Melton,45766,Northwest Territories,Office Furnishings,0.46
Canon MP100DHII Printing Calculator,Charlotte Melton,45766,Northwest Territories,Office Machines,0.37
Accessory21,Allen Rosenblatt,45861,Northwest Territories,Telephones and Communication,0.37
Verbatim DVD-R 4.7GB authoring disc,Neola Schneider,45957,Northwest Territories,Computer Peripherals,0.51
"Rediform Wirebound ""Phone Memo"" Message Book, 11 x 5-3/4",Neola Schneider,45957,Northwest Territories,Paper,0.36
"C-Line Cubicle Keepers Polyproplyene Holder w/Velcro® Back, 8-1/2x11, 25/Bx",Joy Bell,46912,Northwest Territories,Office Furnishings,0.54
Avery 51,Monica Federle,46980,Northwest Territories,Labels,0.39
SANFORD Liquid Accent™ Tank-Style Highlighters,Jamie Kunitz,47460,Northwest Territories,Pens & Art Supplies,0.54
Avery Poly Binder Pockets,Susan Vittorini,47462,Northwest Territories,Binders and Binder Accessories,0.37
"Dixon My First Ticonderoga Pencil, #2",Susan Vittorini,47462,Northwest Territories,Pens & Art Supplies,0.56
Acco® Hot Clips™ Clips to Go,Susan Vittorini,47462,Northwest Territories,Rubber Bands,0.4
Fiskars® Softgrip Scissors,Charles McCrossin,47620,Northwest Territories,"Scissors, Rulers and Trimmers",0.57
"Elite 5"" Scissors",Cari Schnelling,47749,Northwest Territories,"Scissors, Rulers and Trimmers",0.55
Eldon Wave Desk Accessories,Doug Bickford,47873,Northwest Territories,Office Furnishings,0.41
Avery 478,Don Miller,47943,Northwest Territories,Labels,0.36
Boston 16701 Slimline Battery Pencil Sharpener,Don Miller,47943,Northwest Territories,Pens & Art Supplies,0.55
Xerox 1982,Fred Wasserman,48101,Northwest Territories,Paper,0.39
"Soundgear Copyboard Conference Phone, Optional Battery",Bryan Mills,48295,Northwest Territories,Office Machines,0.37
"Dot Matrix Printer Tape Reel Labels, White, 5000/Box",Carlos Daly,48839,Northwest Territories,Labels,0.36
Euro Pro Shark Stick Mini Vacuum,Joy Bell,49154,Northwest Territories,Appliances,0.59
Panasonic KX-P1150 Dot Matrix Printer,Claudia Miner,49921,Northwest Territories,Office Machines,0.56
Recycled Eldon Regeneration Jumbo File,Claudia Miner,49921,Northwest Territories,Storage & Organization,0.57
"Tenex Contemporary Contur Chairmats for Low and Medium Pile Carpet, Computer, 39"" x 49""",Beth Thompson,49952,Northwest Territories,Office Furnishings,0.65
Avery 498,Allen Rosenblatt,50117,Northwest Territories,Labels,0.38
Premium Transparent Presentation Covers by GBC,Beth Thompson,50278,Northwest Territories,Binders and Binder Accessories,0.37
"Barricks 18"" x 48"" Non-Folding Utility Table with Bottom Storage Shelf",Beth Thompson,50278,Northwest Territories,Tables,0.59
GBC VeloBinder Electric Binding Machine,Susan Vittorini,50374,Northwest Territories,Binders and Binder Accessories,0.35
Brown Kraft Recycled Envelopes,Sylvia Foulston,50565,Northwest Territories,Envelopes,0.35
"Acme® 8"" Straight Scissors",Joy Bell,50688,Northwest Territories,"Scissors, Rulers and Trimmers",0.6
Bell Sonecor JB700 Caller ID,Becky Castell,50754,Northwest Territories,Telephones and Communication,0.6
A1228,Carlos Daly,50914,Northwest Territories,Telephones and Communication,0.58
"3M Polarizing Task Lamp with Clamp Arm, Light Gray",Cari Schnelling,51169,Northwest Territories,Office Furnishings,0.59
8290,Jim Radford,51938,Northwest Territories,Telephones and Communication,0.6
Hewlett-Packard Deskjet 5550 Color Inkjet Printer,Allen Rosenblatt,51970,Northwest Territories,Office Machines,0.4
Fellowes Neat Ideas® Storage Cubes,Dorothy Badders,51971,Northwest Territories,Storage & Organization,0.81
"Lesro Round Back Collection Coffee Table, End Table",Dorothy Badders,51971,Northwest Territories,Tables,0.72
Avery 492,Mike Pelletier,52193,Northwest Territories,Labels,0.39
Newell 343,Mike Pelletier,52193,Northwest Territories,Pens & Art Supplies,0.58
Recycled Eldon Regeneration Jumbo File,Doug Bickford,52321,Northwest Territories,Storage & Organization,0.57
"SAFCO PlanMaster Heigh-Adjustable Drafting Table Base, 43w x 30d x 30-37h, Black",Doug Bickford,52321,Northwest Territories,Tables,
Canon S750 Color Inkjet Printer,Susan Vittorini,52386,Northwest Territories,Office Machines,0.38
Panasonic KP-310 Heavy-Duty Electric Pencil Sharpener,Andrew Gjertsen,52807,Northwest Territories,Pens & Art Supplies,0.55
"AT&T Black Trimline Phone, Model 210",Muhammed MacIntyre,52929,Northwest Territories,Office Machines,0.49
Newell 318,Muhammed MacIntyre,52929,Northwest Territories,Pens & Art Supplies,0.59
"Staples Pen Style Liquid Stix; Assorted (yellow, pink, green, blue, orange), 5/Pack",Muhammed MacIntyre,52929,Northwest Territories,Pens & Art Supplies,0.4
Staples Vinyl Coated Paper Clips,Muhammed MacIntyre,52929,Northwest Territories,Rubber Bands,0.39
"3M Polarizing Task Lamp with Clamp Arm, Light Gray",Jim Radford,52964,Northwest Territories,Office Furnishings,0.59
Avery 491,Bryan Davis,53156,Northwest Territories,Labels,0.39
Fellowes Black Plastic Comb Bindings,Anthony Johnson,53511,Northwest Territories,Binders and Binder Accessories,0.39
"Eldon Expressions™ Desk Accessory, Wood Pencil Holder, Oak",Anthony Johnson,53511,Northwest Territories,Office Furnishings,0.55
O'Sullivan 3-Shelf Heavy-Duty Bookcases,Doug Bickford,53797,Northwest Territories,Bookcases,0.61
T18,Carlos Daly,53990,Northwest Territories,Telephones and Communication,0.57
Sanyo 2.5 Cubic Foot Mid-Size Office Refrigerators,Don Miller,54083,Northwest Territories,Appliances,0.59
Honeywell Quietcare HEPA Air Cleaner,Don Jones,54274,Northwest Territories,Appliances,0.52
Staples Colored Bar Computer Paper,Chad Cunningham,54276,Northwest Territories,Paper,0.38
Boston 16765 Mini Stand Up Battery Pencil Sharpener,Ralph Arnett,54528,Northwest Territories,Pens & Art Supplies,0.59
Staples Battery-Operated Desktop Pencil Sharpener,Ralph Arnett,54528,Northwest Territories,Pens & Art Supplies,0.6
Eldon® 200 Class™ Desk Accessories,Nicole Hansen,54567,Northwest Territories,Office Furnishings,0.53
"Memorex 80 Minute CD-R, 30/Pack",Fred Wasserman,54628,Northwest Territories,Computer Peripherals,0.46
"Global Leather and Oak Executive Chair, Black",Bryan Mills,55298,Northwest Territories,Chairs & Chairmats,0.56
"Dual Level, Single-Width Filing Carts",Ralph Arnett,55363,Northwest Territories,Storage & Organization,0.59
"Fellowes Smart Design 104-Key Enhanced Keyboard, PS/2 Adapter, Platinum",Doug Bickford,55366,Northwest Territories,Computer Peripherals,0.68
"Wilson Jones 1"" Hanging DublLock® Ring Binders",Eugene Barchas,55715,Northwest Territories,Binders and Binder Accessories,0.37
"Master Giant Foot® Doorstop, Safety Yellow",Brad Eason,55875,Northwest Territories,Office Furnishings,0.42
"Perma STOR-ALL™ Hanging File Box, 13 1/8""W x 12 1/4""D x 10 1/2""H",Brad Eason,55875,Northwest Territories,Storage & Organization,0.68
Epson DFX-8500 Dot Matrix Printer,Dorothy Wardle,56453,Northwest Territories,Office Machines,0.57
Xerox 194,Ralph Knight,57127,Northwest Territories,Paper,0.37
SouthWestern Bell FA970 Digital Answering Machine with Time/Day Stamp,Sylvia Foulston,57344,Northwest Territories,Telephones and Communication,0.56
Avery 493,Neola Schneider,57509,Northwest Territories,Labels,0.36
"Bevis Round Bullnose 29"" High Table Top",Neola Schneider,57509,Northwest Territories,Tables,0.61
GBC Recycled Regency Composition Covers,Grant Carroll,57600,Northwest Territories,Binders and Binder Accessories,0.39
Avery 506,Grant Carroll,57600,Prince Edward Island,Labels,0.39
Xerox 197,Grant Carroll,57600,Prince Edward Island,Paper,0.4
"Eldon® Expressions™ Wood Desk Accessories, Oak",Julia West,58055,Prince Edward Island,Office Furnishings,0.56
Xerox 1935,Muhammed MacIntyre,58144,Prince Edward Island,Paper,0.39
Peel & Stick Add-On Corner Pockets,Susan Vittorini,58150,Prince Edward Island,Binders and Binder Accessories,0.37
Eureka The Boss® Cordless Rechargeable Stick Vac,Sylvia Foulston,58340,Prince Edward Island,Appliances,0.58
Eldon® Wave Desk Accessories,Doug Bickford,58368,Prince Edward Island,Office Furnishings,0.43
Xerox 1905,Doug Bickford,58368,Prince Edward Island,Paper,0.37
Fellowes Bankers Box™ Staxonsteel® Drawer File/Stacking System,Doug Bickford,58368,Prince Edward Island,Storage & Organization,0.73
"Executive Impressions 13"" Clairmont Wall Clock",Dorothy Badders,58434,Prince Edward Island,Office Furnishings,0.44
"Global Leather and Oak Executive Chair, Black",Henry Goldwyn,58626,Prince Edward Island,Chairs & Chairmats,0.56
Global Troy™ Executive Leather Low-Back Tilter,Henry Goldwyn,58626,Prince Edward Island,Chairs & Chairmats,0.6
"Verbatim DVD-RAM, 9.4GB, Rewritable, Type 1, DS, DataLife Plus",Henry Goldwyn,58626,Prince Edward Island,Computer Peripherals,0.55
Staples SlimLine Pencil Sharpener,Grant Carroll,58688,Prince Edward Island,Pens & Art Supplies,0.6
Presstex Flexible Ring Binders,Chad Cunningham,59045,Prince Edward Island,Binders and Binder Accessories,0.35
"Memorex 4.7GB DVD+RW, 3/Pack",Beth Thompson,59047,Prince Edward Island,Computer Peripherals,0.4
Eldon Image Series Black Desk Accessories,Beth Thompson,59047,Prince Edward Island,Office Furnishings,0.49
Avery 485,Andrew Gjertsen,59202,Prince Edward Island,Labels,0.38
"Dixon My First Ticonderoga Pencil, #2",Andrew Gjertsen,59202,Prince Edward Island,Pens & Art Supplies,0.56
Global Adaptabilities™ Conference Tables,Sylvia Foulston,59207,Prince Edward Island,Tables,0.78
Kensington 7 Outlet MasterPiece Power Center,Michelle Lonsdale,59234,Prince Edward Island,Appliances,0.56
"Global Deluxe Stacking Chair, Gray",Michelle Lonsdale,59234,Prince Edward Island,Chairs & Chairmats,0.56
Xerox 1885,Cari Schnelling,59395,Prince Edward Island,Paper,0.37
Avery 479,Henry Goldwyn,59558,Prince Edward Island,Labels,0.39
"AT&T Black Trimline Phone, Model 210",Edward Hooks,59585,Prince Edward Island,Office Machines,0.49
"Fellowes Twister Kit, Gray/Clear, 3/pkg",Brendan Dodson,59651,Prince Edward Island,Binders and Binder Accessories,0.4
Eldon Pizzaz™ Desk Accessories,Brendan Dodson,59651,Prince Edward Island,Office Furnishings,0.41
GBC Binding covers,Harold Engle,645,Prince Edward Island,Binders and Binder Accessories,0.4
Hewlett-Packard Deskjet 5550 Color Inkjet Printer,Roy French,769,Prince Edward Island,Office Machines,0.4
Talkabout T8367,Helen Abelman,773,Prince Edward Island,Telephones and Communication,0.56
Logitech Access Keyboard,Guy Armstrong,1187,Prince Edward Island,Computer Peripherals,0.37
"Fellowes Strictly Business® Drawer File, Letter/Legal Size",Jennifer Braxton,2339,Prince Edward Island,Storage & Organization,0.73
Newell 336,Giulietta Baptist,3521,Prince Edward Island,Pens & Art Supplies,0.56
"Conquest™ 14 Commercial Heavy-Duty Upright Vacuum, Collection System, Accessory Kit",Jack Lebron,4007,Prince Edward Island,Appliances,0.56
"Tennsco Snap-Together Open Shelving Units, Starter Sets and Add-On Units",Jack Lebron,4007,Prince Edward Island,Storage & Organization,0.8
GBC DocuBind P100 Manual Binding Machine,Erica Bern,4416,Prince Edward Island,Binders and Binder Accessories,0.4
Avery 497,Erica Bern,4454,Prince Edward Island,Labels,0.37
SAFCO Folding Chair Trolley,Helen Abelman,5153,Prince Edward Island,Chairs & Chairmats,
"Manila Recycled Extra-Heavyweight Clasp Envelopes, 6"" x 9""",Guy Armstrong,5446,Prince Edward Island,Envelopes,0.36
"Verbatim DVD-RAM, 5.2GB, Rewritable, Type 1, DS",Helen Abelman,8131,Prince Edward Island,Computer Peripherals,0.5
Keytronic Designer 104- Key Black Keyboard,Christopher Schild,8994,Prince Edward Island,Computer Peripherals,0.77
Accessory31,Roy French,9027,Prince Edward Island,Telephones and Communication,0.35
Avanti 4.4 Cu. Ft. Refrigerator,Roy French,9216,Prince Edward Island,Appliances,0.57
Bush Mission Pointe Library,Jennifer Braxton,9537,Prince Edward Island,Bookcases,0.65
"Acco Pressboard Covers with Storage Hooks, 14 7/8"" x 11"", Dark Blue",Jennifer Braxton,9537,Prince Edward Island,Binders and Binder Accessories,0.36
Ibico Covers for Plastic or Wire Binding Elements,Joy Smith,9574,Prince Edward Island,Binders and Binder Accessories,0.4
Boston KS Multi-Size Manual Pencil Sharpener,Evan Minnotte,10435,Prince Edward Island,Pens & Art Supplies,0.57
"Hunt BOSTON® Vista® Battery-Operated Pencil Sharpener, Black",Evan Minnotte,10435,Prince Edward Island,Pens & Art Supplies,0.58
Martin-Yale Premier Letter Opener,Jenna Caffey,10851,Prince Edward Island,"Scissors, Rulers and Trimmers",0.82
Recycled Premium Regency Composition Covers,Harold Engle,10852,Prince Edward Island,Binders and Binder Accessories,0.36
"Atlantic Metals Mobile 5-Shelf Bookcases, Custom Colors",Harold Engle,10852,Prince Edward Island,Bookcases,0.55
i1000,Harold Engle,11269,Prince Edward Island,Telephones and Communication,0.58
Avery 493,Harold Engle,11269,Prince Edward Island,Labels,0.36
Fellowes Super Stor/Drawer®,Harold Engle,11269,Prince Edward Island,Storage & Organization,0.67
"Rubbermaid ClusterMat Chairmats, Mat Size- 66"" x 60"", Lip 20"" x 11"" -90 Degree Angle",Hilary Holden,11362,Prince Edward Island,Office Furnishings,0.69
*Staples* Letter Opener,Hilary Holden,11362,Prince Edward Island,"Scissors, Rulers and Trimmers",0.81
Canon PC1060 Personal Laser Copier,Hilary Holden,11362,Prince Edward Island,Copiers and Fax,0.41
LX 677,Hilary Holden,11362,Prince Edward Island,Telephones and Communication,0.57
Avery Hi-Liter® Fluorescent Desk Style Markers,Christopher Schild,11968,Prince Edward Island,Pens & Art Supplies,0.48
"#10- 4 1/8"" x 9 1/2"" Recycled Envelopes",Harold Engle,12293,Prince Edward Island,Envelopes,0.38
Acco Suede Grain Vinyl Round Ring Binder,Greg Guthrie,12773,Prince Edward Island,Binders and Binder Accessories,0.39
Eldon Image Series Black Desk Accessories,Greg Guthrie,12773,Prince Edward Island,Office Furnishings,0.49
Xerox 213,Greg Guthrie,12773,Prince Edward Island,Paper,0.37
Newell 342,Greg Guthrie,12773,Prince Edward Island,Pens & Art Supplies,0.56
"Staples #10 Laser & Inkjet Envelopes, 4 1/8"" x 9 1/2"", 100/Box",Guy Armstrong,12934,Prince Edward Island,Envelopes,0.39
Newell 337,Guy Armstrong,12934,Prince Edward Island,Pens & Art Supplies,0.56
GBC Binding covers,Joy Smith,13120,Prince Edward Island,Binders and Binder Accessories,0.4
GBC Standard Therm-A-Bind Covers,Joy Smith,13120,Prince Edward Island,Binders and Binder Accessories,0.39
"Micro Innovations Micro Digital Wireless Keyboard and Mouse, Gray",Erica Bern,13604,Prince Edward Island,Computer Peripherals,0.45
Eldon ClusterMat Chair Mat with Cordless Antistatic Protection,Erica Bern,13604,Prince Edward Island,Office Furnishings,0.74
Xerox 1985,Dan Reichenbach,13927,Prince Edward Island,Paper,0.37
Zoom V.92 V.44 PCI Internal Controllerless FaxModem,Erica Bern,15044,Prince Edward Island,Computer Peripherals,0.55
"Global Leather and Oak Executive Chair, Black",Guy Armstrong,15139,Prince Edward Island,Chairs & Chairmats,0.56
"Tennsco Lockers, Sand",Guy Armstrong,15139,Prince Edward Island,Storage & Organization,0.61
Xerox 1920,Evan Minnotte,15463,Prince Edward Island,Paper,0.4
Xerox 1928,Joy Smith,15618,Prince Edward Island,Paper,0.4
Xerox 1939,Joy Smith,15618,Prince Edward Island,Paper,0.37
StarTAC 7760,Joy Smith,15618,Prince Edward Island,Telephones and Communication,0.59
Magna Visual Magnetic Picture Hangers,Paul Gonzalez,16100,Prince Edward Island,Office Furnishings,0.47
M3682,Filia McAdams,16320,Prince Edward Island,Telephones and Communication,0.57
Xerox 1978,Joy Smith,16419,Prince Edward Island,Paper,0.36
"Sauder Forest Hills Library, Woodland Oak Finish",Greg Guthrie,17090,Prince Edward Island,Bookcases,0.77
"Global High-Back Leather Tilter, Burgundy",Greg Guthrie,17090,Prince Edward Island,Chairs & Chairmats,0.74
"Wirebound Message Book, 4 per Page",Joy Smith,17315,Prince Edward Island,Paper,0.36
"Memorex 4.7GB DVD+RW, 3/Pack",Joy Smith,17376,Prince Edward Island,Computer Peripherals,0.4
Hoover WindTunnel™ Plus Canister Vacuum,Greg Guthrie,18210,Prince Edward Island,Appliances,0.57
Newell 335,Greg Guthrie,18210,Prince Edward Island,Pens & Art Supplies,0.56
Zoom V.92 USB External Faxmodem,Jack Lebron,18273,Prince Edward Island,Computer Peripherals,0.41
Telescoping Adjustable Floor Lamp,Joy Smith,18788,Prince Edward Island,Office Furnishings,0.6
"Wilson Jones Ledger-Size, Piano-Hinge Binder, 2"", Blue",Evan Minnotte,19042,Prince Edward Island,Binders and Binder Accessories,0.37
"Eldon Expressions Punched Metal & Wood Desk Accessories, Pewter & Cherry",Chuck Magee,19073,Prince Edward Island,Office Furnishings,0.57
Prang Drawing Pencil Set,Chuck Magee,19073,Prince Edward Island,Pens & Art Supplies,0.45
Xerox 1992,Filia McAdams,19365,Prince Edward Island,Paper,0.36
TI 36X Solar Scientific Calculator,Jack Lebron,19617,Prince Edward Island,Office Machines,0.38
V 3600 Series,Jack Lebron,19617,Prince Edward Island,Telephones and Communication,0.58
Sharp AL-1530CS Digital Copier,Jack Lebron,20033,Prince Edward Island,Copiers and Fax,0.36
Hon 4-Shelf Metal Bookcases,Harold Engle,21223,Prince Edward Island,Bookcases,0.6
"Deflect-o EconoMat Nonstudded, No Bevel Mat",Harold Engle,21223,Prince Edward Island,Office Furnishings,0.65
Lock-Up Easel 'Spel-Binder',Jack Lebron,21378,Prince Edward Island,Binders and Binder Accessories,0.38
U.S. Robotics 56K Internet Call Modem,Jack Lebron,21378,Prince Edward Island,Computer Peripherals,0.5
Boston 1730 StandUp Electric Pencil Sharpener,Frank Atkinson,21542,Prince Edward Island,Pens & Art Supplies,0.59
Bretford CR4500 Series Slim Rectangular Table,Frank Atkinson,21542,Prince Edward Island,Tables,0.66
Euro Pro Shark Stick Mini Vacuum,Jack Lebron,22469,Prince Edward Island,Appliances,0.59
Hon 5100 Series Wood Tables,Jack Lebron,22469,Prince Edward Island,Tables,0.67
Belkin ErgoBoard™ Keyboard,Evan Minnotte,22656,Prince Edward Island,Computer Peripherals,0.64
Riverleaf Stik-Withit® Designer Note Cubes®,Joy Smith,22695,Prince Edward Island,Paper,0.39
Coloredge Poster Frame,Dan Reichenbach,23076,Prince Edward Island,Office Furnishings,0.46
8860,Jack Lebron,24038,Prince Edward Island,Telephones and Communication,0.56
Xerox 1920,Frank Atkinson,24067,Prince Edward Island,Paper,0.4
252,Frank Atkinson,24067,Prince Edward Island,Telephones and Communication,0.55
Sharp 1540cs Digital Laser Copier,Erica Bern,24388,Prince Edward Island,Copiers and Fax,0.35
"Holmes Replacement Filter for HEPA Air Cleaner, Very Large Room, HEPA Filter",Jack Lebron,24451,Prince Edward Island,Appliances,0.41
Wilson Jones Impact Binders,Filia McAdams,24806,Prince Edward Island,Binders and Binder Accessories,0.36
GBC DocuBind 200 Manual Binding Machine,Jack Lebron,24965,Prince Edward Island,Binders and Binder Accessories,0.35
"Deflect-o SuperTray™ Unbreakable Stackable Tray, Letter, Black",Jack Lebron,24965,Prince Edward Island,Office Furnishings,0.42
Sanford Liquid Accent Highlighters,Giulietta Baptist,25154,Prince Edward Island,Pens & Art Supplies,0.48
Holmes Harmony HEPA Air Purifier for 17 x 20 Room,Joy Smith,25315,Prince Edward Island,Appliances,0.42
SANFORD Liquid Accent™ Tank-Style Highlighters,Joy Smith,25315,Prince Edward Island,Pens & Art Supplies,0.54
Hon iLevel™ Computer Training Table,Joy Smith,25315,Prince Edward Island,Tables,0.65
"Eldon® 200 Class™ Desk Accessories, Burgundy",Greg Guthrie,25376,Prince Edward Island,Office Furnishings,0.43
"80 Minute CD-R Spindle, 100/Pack - Staples",Carlos Soltero,26240,Prince Edward Island,Computer Peripherals,0.54
3M Hangers With Command Adhesive,Carlos Soltero,26240,Prince Edward Island,Office Furnishings,0.44
X-Rack™ File for Hanging Folders,Harold Engle,26791,Prince Edward Island,Storage & Organization,0.59
688,Erica Bern,28836,Prince Edward Island,Telephones and Communication,0.6
Ibico EB-19 Dual Function Manual Binding System,Erica Bern,28836,Prince Edward Island,Binders and Binder Accessories,0.39
"IBM Multi-Purpose Copy Paper, 8 1/2 x 11"", Case",Hilary Holden,28995,Prince Edward Island,Paper,0.4
Southworth 25% Cotton Premium Laser Paper and Envelopes,Hilary Holden,28995,Prince Edward Island,Paper,0.37
Timeport L7089,Jack Lebron,29121,Prince Edward Island,Telephones and Communication,0.58
Safco Contoured Stacking Chairs,Filia McAdams,29319,Prince Edward Island,Chairs & Chairmats,
Canon PC-428 Personal Copier,Filia McAdams,29319,Prince Edward Island,Copiers and Fax,0.46
Staples Standard Envelopes,Greg Guthrie,29382,Prince Edward Island,Envelopes,0.38
12-1/2 Diameter Round Wall Clock,Greg Guthrie,29382,Prince Edward Island,Office Furnishings,0.49
Lexmark Z55se Color Inkjet Printer,Harold Engle,29445,Prince Edward Island,Office Machines,0.38
Binder Clips by OIC,Philip Brown,29762,Prince Edward Island,Rubber Bands,0.37
Avanti 4.4 Cu. Ft. Refrigerator,Helen Abelman,30048,Prince Edward Island,Appliances,0.57
"Fellowes Smart Surge Ten-Outlet Protector, Platinum",Hilary Holden,30243,Prince Edward Island,Appliances,0.57
Canon PC-428 Personal Copier,Hilary Holden,30243,Prince Edward Island,Copiers and Fax,0.46
Aluminum Document Frame,Christopher Schild,30372,Prince Edward Island,Office Furnishings,0.55
Wausau Papers Astrobrights® Colored Envelopes,Carlos Soltero,30499,Prince Edward Island,Envelopes,0.36
Newell 312,Carlos Soltero,30499,Prince Edward Island,Pens & Art Supplies,0.55
"Pressboard Covers with Storage Hooks, 9 1/2"" x 11"", Light Blue",Erica Bern,32199,Prince Edward Island,Binders and Binder Accessories,0.38
Canon imageCLASS 2200 Advanced Copier,Erica Bern,32199,Prince Edward Island,Copiers and Fax,0.37
Newell 312,Erica Bern,32199,Prince Edward Island,Pens & Art Supplies,0.55
"Chromcraft Bull-Nose Wood 48"" x 96"" Rectangular Conference Tables",Erica Bern,32327,Prince Edward Island,Tables,0.8
"Verbatim DVD-RAM, 9.4GB, Rewritable, Type 1, DS, DataLife Plus",Joy Smith,32676,Prince Edward Island,Computer Peripherals,0.55
KF 788,Joy Smith,32835,Prince Edward Island,Telephones and Communication,0.56
"Imation Neon Mac Format Diskettes, 10/Pack",Christopher Schild,32869,Prince Edward Island,Computer Peripherals,0.77
"Deflect-o EconoMat Nonstudded, No Bevel Mat",Christopher Schild,32869,Prince Edward Island,Office Furnishings,0.65
Sanford Liquid Accent Highlighters,Christopher Schild,32869,Prince Edward Island,Pens & Art Supplies,0.48
2180,Christopher Schild,32869,Prince Edward Island,Telephones and Communication,0.57
Sharp AL-1530CS Digital Copier,Evan Minnotte,33763,Prince Edward Island,Copiers and Fax,0.36
"Executive Impressions 14"" Contract Wall Clock",Christopher Schild,34048,Prince Edward Island,Office Furnishings,0.52
*Staples* Highlighting Markers,Greg Guthrie,34275,Prince Edward Island,Pens & Art Supplies,0.52
Boston 19500 Mighty Mite Electric Pencil Sharpener,Harold Engle,34438,Prince Edward Island,Pens & Art Supplies,0.58
Xerox 1995,Philip Brown,34880,Prince Edward Island,Paper,0.37
Self-Adhesive Ring Binder Labels,Carlos Soltero,34978,Prince Edward Island,Binders and Binder Accessories,0.38
Catalog Binders with Expanding Posts,Jennifer Braxton,35141,Prince Edward Island,Binders and Binder Accessories,0.4
*Staples* Packaging Labels,Dan Reichenbach,35300,Prince Edward Island,Labels,0.38
"Deflect-o EconoMat Studded, No Bevel Mat for Low Pile Carpeting",Dan Reichenbach,35300,Prince Edward Island,Office Furnishings,0.76
"Recycled Desk Saver Line ""While You Were Out"" Book, 5 1/2"" X 4""",Dan Reichenbach,35300,Prince Edward Island,Paper,0.39
9-3/4 Diameter Round Wall Clock,Carlos Soltero,35558,Prince Edward Island,Office Furnishings,0.43
Logitech Cordless Elite Duo,Carlos Soltero,36293,Prince Edward Island,Computer Peripherals,0.4
Xerox 220,Carlos Soltero,36293,Prince Edward Island,Paper,0.37
Logitech Cordless Elite Duo,Giulietta Baptist,36516,Prince Edward Island,Computer Peripherals,0.4
Canon Image Class D660 Copier,Jack Lebron,36677,Prince Edward Island,Copiers and Fax,0.44
12 Colored Short Pencils,Guy Armstrong,37185,Prince Edward Island,Pens & Art Supplies,0.58
Avery Legal 4-Ring Binder,Hilary Holden,37888,Prince Edward Island,Binders and Binder Accessories,0.35
Hoover® Commercial Lightweight Upright Vacuum,Jack Lebron,38310,Prince Edward Island,Appliances,0.59
Colored Envelopes,Erica Bern,40327,Prince Edward Island,Envelopes,0.39
Xerox 1953,Erica Bern,40327,Prince Edward Island,Paper,0.4
GBC DocuBind 200 Manual Binding Machine,Harold Engle,40480,Prince Edward Island,Binders and Binder Accessories,0.35
DAX Natural Wood-Tone Poster Frame,Harold Engle,40480,Prince Edward Island,Office Furnishings,0.49
Staples Standard Envelopes,Jim Sink,40800,Prince Edward Island,Envelopes,0.38
"GBC Prepunched Paper, 19-Hole, for Binding Systems, 24-lb",Jennifer Braxton,40835,Prince Edward Island,Binders and Binder Accessories,0.39
Keytronic Designer 104- Key Black Keyboard,Jennifer Braxton,40835,Prince Edward Island,Computer Peripherals,0.77
Recycled Eldon Regeneration Jumbo File,Jennifer Braxton,40835,Prince Edward Island,Storage & Organization,0.57
GBC Standard Plastic Binding Systems Combs,Joy Smith,40871,Prince Edward Island,Binders and Binder Accessories,0.36
Office Star Flex Back Scooter Chair with White Frame,Joy Smith,40871,Prince Edward Island,Chairs & Chairmats,0.71
Xerox 1941,Harold Engle,41570,Prince Edward Island,Paper,0.37
"Global Deluxe Stacking Chair, Gray",Philip Brown,41991,Prince Edward Island,Chairs & Chairmats,0.56
DAX Clear Channel Poster Frame,Philip Brown,41991,Prince Edward Island,Office Furnishings,0.48
Tenex B1-RE Series Chair Mats for Low Pile Carpets,Philip Brown,41991,Prince Edward Island,Office Furnishings,0.68
Belkin 105-Key Black Keyboard,Giulietta Baptist,42400,Prince Edward Island,Computer Peripherals,0.68
Micro Innovations 104 Keyboard,Giulietta Baptist,42400,Prince Edward Island,Computer Peripherals,0.64
GBC Imprintable Covers,Paul Gonzalez,42754,Prince Edward Island,Binders and Binder Accessories,0.36
"GBC Laser Imprintable Binding System Covers, Desert Sand",Logan Haushalter,42918,Prince Edward Island,Binders and Binder Accessories,0.38
"Sharp EL501VB Scientific Calculator, Battery Operated, 10-Digit Display, Hard Case",Logan Haushalter,42918,Prince Edward Island,Office Machines,0.39
Hon Multipurpose Stacking Arm Chairs,Filia McAdams,42944,Prince Edward Island,Chairs & Chairmats,0.59
"Executive Impressions 14""",Carlos Soltero,44037,Prince Edward Island,Office Furnishings,0.41
Accessory2,Carlos Soltero,44037,Prince Edward Island,Telephones and Communication,0.55
"Verbatim DVD-RAM, 5.2GB, Rewritable, Type 1, DS",Erica Bern,44387,Prince Edward Island,Computer Peripherals,0.5
Southworth 25% Cotton Antique Laid Paper & Envelopes,Erica Bern,44387,Prince Edward Island,Paper,0.4
Bevis 36 x 72 Conference Tables,Greg Guthrie,44576,Prince Edward Island,Tables,0.63
Xerox 1936,Dan Reichenbach,45601,Prince Edward Island,Paper,0.38
"Eldon® 400 Class™ Desk Accessories, Black Carbon",Jim Sink,45606,Prince Edward Island,Office Furnishings,0.43
"Dixon My First Ticonderoga Pencil, #2",Jim Sink,45606,Prince Edward Island,Pens & Art Supplies,0.56
Durable Pressboard Binders,Carlos Soltero,46119,Prince Edward Island,Binders and Binder Accessories,0.38
"Adams Telephone Message Book w/Frequently-Called Numbers Space, 400 Messages per Book",Carlos Soltero,46119,Prince Edward Island,Paper,0.35
Bretford “Just In Time” Height-Adjustable Multi-Task Work Tables,Carlos Soltero,46119,Prince Edward Island,Tables,0.79
"Array® Parchment Paper, Assorted Colors",Chuck Magee,46756,Prince Edward Island,Paper,0.37
Avery Durable Poly Binders,Philip Brown,47714,Prince Edward Island,Binders and Binder Accessories,0.39
Dana Swing-Arm Lamps,Hilary Holden,47846,Prince Edward Island,Office Furnishings,0.6
"Rubbermaid ClusterMat Chairmats, Mat Size- 66"" x 60"", Lip 20"" x 11"" -90 Degree Angle",Hilary Holden,47846,Prince Edward Island,Office Furnishings,0.69
"Tenex 46"" x 60"" Computer Anti-Static Chairmat, Rectangular Shaped",Hilary Holden,47846,Prince Edward Island,Office Furnishings,0.65
HP Office Paper (20Lb. and 87 Bright),Hilary Holden,47846,Prince Edward Island,Paper,0.37
Bionaire Personal Warm Mist Humidifier/Vaporizer,Greg Guthrie,47876,Prince Edward Island,Appliances,0.46
270c,Jennifer Braxton,48067,Prince Edward Island,Telephones and Communication,0.59
T28 WORLD,Jennifer Braxton,48067,Prince Edward Island,Telephones and Communication,0.6
"#10-4 1/8"" x 9 1/2"" Premium Diagonal Seam Envelopes",Erica Bern,48199,Prince Edward Island,Envelopes,0.4
CF 888,Jim Sink,49029,Prince Edward Island,Telephones and Communication,0.59
GBC Standard Therm-A-Bind Covers,Noah Childs,49216,Prince Edward Island,Binders and Binder Accessories,0.39
Epson LQ-570e Dot Matrix Printer,Noah Childs,49216,Manitoba,Office Machines,0.56
Staples Premium Bright 1-Part Blank Computer Paper,Noah Childs,49216,Manitoba,Paper,0.38
Okidata ML390 Turbo Dot Matrix Printers,Evan Minnotte,49990,Manitoba,Office Machines,0.56
"Hon Metal Bookcases, Black",Guy Armstrong,50081,Manitoba,Bookcases,0.6
"24 Capacity Maxi Data Binder Racks, Pearl",Guy Armstrong,50404,Manitoba,Storage & Organization,0.6
"Lesro Round Back Collection Coffee Table, End Table",Guy Armstrong,50404,Manitoba,Tables,0.72
PC Concepts 116 Key Quantum 3000 Keyboard,Chuck Magee,50784,Manitoba,Computer Peripherals,0.75
"Wilson Jones Ledger-Size, Piano-Hinge Binder, 2"", Blue",Greg Guthrie,50850,Manitoba,Binders and Binder Accessories,0.37
Bretford “Just In Time” Height-Adjustable Multi-Task Work Tables,Greg Guthrie,50850,Manitoba,Tables,0.79
Accessory17,Carlos Soltero,51075,Manitoba,Telephones and Communication,0.82
Telescoping Adjustable Floor Lamp,Greg Guthrie,51461,Manitoba,Office Furnishings,0.6
Xerox 1898,Greg Guthrie,51558,Manitoba,Paper,0.37
"Barricks Non-Folding Utility Table with Steel Legs, Laminate Tops",Greg Guthrie,51558,Manitoba,Tables,0.56
ACCOHIDE® Binder by Acco,Carlos Soltero,52130,Manitoba,Binders and Binder Accessories,0.38
Eldon Executive Woodline II Cherry Finish Desk Accessories,Carlos Soltero,52130,Manitoba,Office Furnishings,0.57
Belkin 8 Outlet Surge Protector,Greg Guthrie,52482,Manitoba,Appliances,0.57
"Executive Impressions 14"" Contract Wall Clock",Greg Guthrie,52482,Manitoba,Office Furnishings,0.52
"Holmes Replacement Filter for HEPA Air Cleaner, Large Room",Christopher Schild,53410,Manitoba,Appliances,0.43
Bevis Steel Folding Chairs,Joy Smith,53477,Manitoba,Chairs & Chairmats,0.57
"Global Leather and Oak Executive Chair, Black",Joy Smith,53477,Manitoba,Chairs & Chairmats,0.56
"Snap-A-Way® Black Print Carbonless Ruled Speed Letter, Triplicate",Joy Smith,53477,Manitoba,Paper,0.38
Fellowes Super Stor/Drawer® Files,Joy Smith,53477,Manitoba,Storage & Organization,0.66
Logitech Cordless Navigator Duo,Joy Smith,53508,Manitoba,Computer Peripherals,0.48
Sharp EL500L Fraction Calculator,Joy Smith,53508,Manitoba,Office Machines,0.39
White GlueTop Scratch Pads,Joy Smith,53508,Manitoba,Paper,0.39
"Fellowes Strictly Business® Drawer File, Letter/Legal Size",Guy Armstrong,53703,Manitoba,Storage & Organization,0.73
"Eureka Sanitaire ® Multi-Pro Heavy-Duty Upright, Disposable Bags",Brian Moss,54115,Manitoba,Appliances,0.59
Cardinal Holdit Business Card Pockets,Brian Moss,54115,Manitoba,Binders and Binder Accessories,0.37
Accessory36,Logan Haushalter,54437,Manitoba,Telephones and Communication,0.83
T193,Guy Armstrong,54501,Manitoba,Telephones and Communication,0.57
Sharp EL500L Fraction Calculator,Guy Armstrong,54501,Manitoba,Office Machines,0.39
Tennsco Commercial Shelving,Guy Armstrong,54501,Manitoba,Storage & Organization,0.84
T39m,Christopher Schild,54753,Manitoba,Telephones and Communication,0.55
Tennsco Industrial Shelving,Jim Sink,55138,Manitoba,Storage & Organization,0.83
Office Star Flex Back Scooter Chair with Aluminum Finish Frame,Carlos Soltero,55271,Manitoba,Chairs & Chairmats,0.61
Colored Envelopes,Jennifer Braxton,55331,Manitoba,Envelopes,0.39
Accessory13,Brian Moss,55618,Manitoba,Telephones and Communication,0.57
Xerox 197,Harold Engle,56645,Manitoba,Paper,0.4
Bretford CR4500 Series Slim Rectangular Table,Harold Engle,56645,Manitoba,Tables,0.62
Xerox 1976,Carlos Soltero,56803,Manitoba,Paper,0.37
Hon 2090 “Pillow Soft” Series Mid Back Swivel/Tilt Chairs,Hilary Holden,57159,Manitoba,Chairs & Chairmats,0.78
Hammermill Color Copier Paper (28Lb. and 96 Bright),Hilary Holden,57159,Manitoba,Paper,0.4
"GBC Prepunched Paper, 19-Hole, for Binding Systems, 24-lb",Logan Haushalter,57507,Manitoba,Binders and Binder Accessories,0.39
"Acme Design Line 8"" Stainless Steel Bent Scissors w/Champagne Handles, 3-1/8"" Cut",Guy Armstrong,57922,Manitoba,"Scissors, Rulers and Trimmers",0.58
Serrated Blade or Curved Handle Hand Letter Openers,Erica Bern,58117,Manitoba,"Scissors, Rulers and Trimmers",0.84
"GE 48"" Fluorescent Tube, Cool White Energy Saver, 34 Watts, 30/Box",Logan Haushalter,58278,Manitoba,Office Furnishings,0.35
Accessory4,Logan Haushalter,58278,Manitoba,Telephones and Communication,0.85
Hon GuestStacker Chair,Harold Engle,58502,Manitoba,Chairs & Chairmats,0.59
Belkin ErgoBoard™ Keyboard,Christopher Schild,58788,Manitoba,Computer Peripherals,0.64
"TOPS Money Receipt Book, Consecutively Numbered in Red,",Helen Abelman,58947,Manitoba,Paper,0.4
Xerox 1989,Helen Abelman,58947,Manitoba,Paper,0.38
"GE 4 Foot Flourescent Tube, 40 Watt",Jack Lebron,59074,British Columbia,Office Furnishings,0.39
"Bush Westfield Collection Bookcases, Fully Assembled",Jack Lebron,59233,British Columbia,Bookcases,0.62
Nu-Dell Leatherette Frames,Jack Lebron,59233,British Columbia,Office Furnishings,0.49
"Micro Innovations Micro Digital Wireless Keyboard and Mouse, Gray",Giulietta Baptist,59425,British Columbia,Computer Peripherals,0.45
"Snap-A-Way® Black Print Carbonless Ruled Speed Letter, Triplicate",Giulietta Baptist,59425,British Columbia,Paper,0.38
Xerox 1994,Jim Sink,59750,British Columbia,Paper,0.37
Dixon Ticonderoga Core-Lock Colored Pencils,Julie Creighton,35,British Columbia,Pens & Art Supplies,0.52
CF 688,Julie Creighton,35,British Columbia,Telephones and Communication,0.58
Fellowes Staxonsteel® Drawer Files,Sanjit Chand,294,British Columbia,Storage & Organization,0.71
Panasonic KP-350BK Electric Pencil Sharpener with Auto Stop,Matt Collins,450,British Columbia,Pens & Art Supplies,0.56
Hanging Personal Folder File,Matt Collins,450,British Columbia,Storage & Organization,0.6
"Memorex 4.7GB DVD+RW, 3/Pack",Matt Collins,1028,British Columbia,Computer Peripherals,0.4
3285,Matt Collins,1028,British Columbia,Telephones and Communication,0.59
"Wirebound Message Books, Four 2 3/4"" x 5"" Forms per Page, 600 Sets per Book",Justin Knight,1314,British Columbia,Paper,0.38
Office Star - Task Chair with Contemporary Loop Arms,Rob Haberlin,2279,British Columbia,Chairs & Chairmats,0.61
Acco Perma® 3000 Stacking Storage Drawers,Rob Haberlin,2279,British Columbia,Storage & Organization,0.66
"80 Minute CD-R Spindle, 100/Pack - Staples",Rob Haberlin,2465,British Columbia,Computer Peripherals,0.54
Avery 479,Rob Haberlin,2530,British Columbia,Labels,0.39
Fellowes Bankers Box™ Staxonsteel® Drawer File/Stacking System,Rob Haberlin,2883,British Columbia,Storage & Organization,0.73
"Imation Printable White 80 Minute CD-R Spindle, 50/Pack",Christina Vanderzanden,3362,British Columbia,Computer Peripherals,0.44
Eldon® Gobal File Keepers,Christina Vanderzanden,3362,British Columbia,Storage & Organization,0.81
Kensington 7 Outlet MasterPiece® HOMEOFFICE Power Control Center,Matt Collins,5318,British Columbia,Appliances,0.55
2160i,Matt Collins,5318,British Columbia,Telephones and Communication,0.59
Sharp AL-1530CS Digital Copier,Sanjit Chand,5988,British Columbia,Copiers and Fax,0.36
"Seth Thomas 13 1/2"" Wall Clock",Matt Collins,6115,British Columbia,Office Furnishings,0.54
"Tenex Carpeted, Granite-Look or Clear Contemporary Contour Shape Chair Mats",Justin Knight,6337,British Columbia,Office Furnishings,0.78
Bretford Rectangular Conference Table Tops,Justin Knight,6337,British Columbia,Tables,0.74
Wirebound Voice Message Log Book,Rob Haberlin,6434,British Columbia,Paper,0.39
"80 Minute CD-R Spindle, 100/Pack - Staples",Lena Cacioppo,7136,British Columbia,Computer Peripherals,0.54
Avery 493,Lena Cacioppo,7136,British Columbia,Labels,0.36
O'Sullivan Manor Hill 2-Door Library in Brianna Oak,Kimberly Carter,7489,British Columbia,Bookcases,0.74
Novimex Swivel Fabric Task Chair,Gene Hale,7968,British Columbia,Chairs & Chairmats,0.74
"Imation Primaris 3.5"" 2HD Unformatted Diskettes, 10/Pack",Christina Vanderzanden,8227,British Columbia,Computer Peripherals,0.72
Project Tote Personal File,Matt Collins,9123,British Columbia,Storage & Organization,0.56
3M Organizer Strips,Sally Knutson,9792,British Columbia,Binders and Binder Accessories,0.37
"Imation 3.5"" DS-HD Macintosh Formatted Diskettes, 10/Pack",Kimberly Carter,9860,British Columbia,Computer Peripherals,0.68
"Sanford Colorific Colored Pencils, 12/Box",Christina Vanderzanden,10310,British Columbia,Pens & Art Supplies,0.55
R380,Christina Vanderzanden,10310,British Columbia,Telephones and Communication,0.58
Xerox 1899,Kimberly Carter,10369,British Columbia,Paper,0.36
"Imation IBM Formatted Diskettes, 100/Pack",Kimberly Carter,10369,British Columbia,Computer Peripherals,0.7
Barrel Sharpener,Rob Haberlin,10692,British Columbia,Pens & Art Supplies,0.59
2160i,Rob Haberlin,10692,British Columbia,Telephones and Communication,0.59
A1228,Rob Haberlin,10692,British Columbia,Telephones and Communication,0.58
"Gould Plastics 9-Pocket Panel Bin, 18-3/8w x 5-1/4d x 20-1/2h, Black",Justin Knight,11553,British Columbia,Storage & Organization,0.81
"Bush Westfield Collection Bookcases, Dark Cherry Finish, Fully Assembled",Justin Knight,11553,British Columbia,Bookcases,0.78
Accessory34,Justin Knight,11553,British Columbia,Telephones and Communication,0.55
Bagged Rubber Bands,Christina Vanderzanden,11776,British Columbia,Rubber Bands,0.81
Hammermill CopyPlus Copy Paper (20Lb. and 84 Bright),Marina Lichtenstein,11782,British Columbia,Paper,0.36
"Panasonic All Digital Answering System with Caller ID*, KX-TM150B",Marina Lichtenstein,11782,British Columbia,Telephones and Communication,0.6
Wilson Jones® Four-Pocket Poly Binders,Justin Knight,12199,British Columbia,Binders and Binder Accessories,0.36
"Dual Level, Single-Width Filing Carts",Justin Knight,12199,British Columbia,Storage & Organization,0.59
Economy Binders,Gene Hale,14275,British Columbia,Binders and Binder Accessories,0.36
Office Star - Mid Back Dual function Ergonomic High Back Chair with 2-Way Adjustable Arms,Gene Hale,14275,British Columbia,Chairs & Chairmats,0.62
X-Rack™ File for Hanging Folders,Gene Hale,14535,British Columbia,Storage & Organization,0.59
"Verbatim DVD-RAM, 5.2GB, Rewritable, Type 1, DS",Rob Haberlin,15329,British Columbia,Computer Peripherals,0.5
Newell 323,Gene Hale,15621,British Columbia,Pens & Art Supplies,0.59
Eldon Portable Mobile Manager,Gene Hale,15621,British Columbia,Storage & Organization,0.58
Avery Binder Labels,Michelle Arnett,17826,British Columbia,Binders and Binder Accessories,0.37
Eldon Jumbo ProFile™ Portable File Boxes Graphite/Black,Sally Knutson,17926,British Columbia,Storage & Organization,0.57
"Master Giant Foot® Doorstop, Safety Yellow",Rob Haberlin,18247,British Columbia,Office Furnishings,0.42
Newell 315,Justin Knight,18471,British Columbia,Pens & Art Supplies,0.6
Kleencut® Forged Office Shears by Acme United Corporation,Justin Knight,18471,British Columbia,"Scissors, Rulers and Trimmers",0.55
Xerox 1983,Justin Knight,18471,British Columbia,Paper,0.36
T61,Lena Cacioppo,19813,British Columbia,Telephones and Communication,0.56
Avery Poly Binder Pockets,Seth Vernon,20322,British Columbia,Binders and Binder Accessories,0.37
"Bush Westfield Collection Bookcases, Fully Assembled",Seth Vernon,20322,British Columbia,Bookcases,0.62
Xerox 196,Seth Vernon,20322,British Columbia,Paper,0.36
Nu-Dell Leatherette Frames,Gene Hale,20422,British Columbia,Office Furnishings,0.49
Colored Envelopes,Luke Weiss,20448,British Columbia,Envelopes,0.39
"Pressboard Covers with Storage Hooks, 9 1/2"" x 11"", Light Blue",Justin Knight,21892,British Columbia,Binders and Binder Accessories,0.38
Eldon Simplefile® Box Office®,Rob Haberlin,22980,British Columbia,Storage & Organization,0.57
6190,Julie Creighton,23907,British Columbia,Telephones and Communication,0.55
Panasonic KX-P3200 Dot Matrix Printer,Sanjit Chand,24064,British Columbia,Office Machines,0.57
Wilson Jones DublLock® D-Ring Binders,Justin Knight,24132,British Columbia,Binders and Binder Accessories,0.35
"Wilson Jones Hanging View Binder, White, 1""",Justin Knight,24132,British Columbia,Binders and Binder Accessories,0.39
"Fellowes Basic 104-Key Keyboard, Platinum",Justin Knight,24132,British Columbia,Computer Peripherals,0.6
Ibico Recycled Linen-Style Covers,Justin Knight,24132,British Columbia,Binders and Binder Accessories,0.37
Self-Adhesive Ring Binder Labels,Justin Knight,24132,British Columbia,Binders and Binder Accessories,0.38
"Tenex File Box, Personal Filing Tote with Lid, Black",Justin Knight,24132,British Columbia,Storage & Organization,0.59
1726 Digital Answering Machine,Luke Weiss,24576,British Columbia,Telephones and Communication,0.58
DAX Clear Channel Poster Frame,Luke Weiss,24576,British Columbia,Office Furnishings,0.48
"80 Minute Slim Jewel Case CD-R , 10/Pack - Staples",Christina Vanderzanden,25248,British Columbia,Computer Peripherals,0.52
Xerox 1891,Christina Vanderzanden,25248,British Columbia,Paper,0.38
Xerox 220,Lena Cacioppo,25475,British Columbia,Paper,0.37
Computer Printout Paper with Letter-Trim Perforations,Seth Vernon,26978,British Columbia,Paper,0.37
Wausau Papers Astrobrights® Colored Envelopes,Sanjit Chand,27105,British Columbia,Envelopes,0.36
"Executive Impressions 8-1/2"" Career Panel/Partition Cubicle Clock",Sanjit Chand,27105,British Columbia,Office Furnishings,0.51
Belkin MediaBoard 104- Keyboard,Julie Creighton,28068,British Columbia,Computer Peripherals,0.75
"Executive Impressions 12"" Wall Clock",Sanjit Chand,28802,British Columbia,Office Furnishings,0.47
Southworth 25% Cotton Antique Laid Paper & Envelopes,Sanjit Chand,28802,British Columbia,Paper,0.4
6185,Sanjit Chand,28802,British Columbia,Telephones and Communication,0.58
"Eldon Spacemaker® Box, Quick-Snap Lid, Clear",Anthony Johnson,28839,British Columbia,Pens & Art Supplies,0.54
Xerox 1995,Anthony Johnson,29252,British Columbia,Paper,0.37
Honeywell Quietcare HEPA Air Cleaner,Kimberly Carter,31941,British Columbia,Appliances,0.52
Xerox 1993,Kimberly Carter,31941,British Columbia,Paper,0.36
"Hon Deluxe Fabric Upholstered Stacking Chairs, Rounded Back",Marina Lichtenstein,32418,British Columbia,Chairs & Chairmats,0.55
"Strathmore #10 Envelopes, Ultimate White",Sanjit Chand,34241,British Columbia,Envelopes,0.36
Fellowes 8 Outlet Superior Workstation Surge Protector,Sally Knutson,34816,British Columbia,Appliances,0.56
"Tyvek Interoffice Envelopes, 9 1/2"" x 12 1/2"", 100/Box",Sally Knutson,34816,British Columbia,Envelopes,0.38
Fiskars® Softgrip Scissors,Luke Weiss,35011,British Columbia,"Scissors, Rulers and Trimmers",0.57
Sanyo 2.5 Cubic Foot Mid-Size Office Refrigerators,Anthony Johnson,36068,British Columbia,Appliances,0.59
Accessory20,Michelle Arnett,36930,British Columbia,Telephones and Communication,0.37
Xerox 1971,Luke Weiss,37315,British Columbia,Paper,0.4
5165,Luke Weiss,37315,British Columbia,Telephones and Communication,0.59
Lexmark Z54se Color Inkjet Printer,Luke Weiss,37925,British Columbia,Office Machines,0.36
StarTAC 7760,Luke Weiss,37925,British Columbia,Telephones and Communication,0.59
"Premier Elliptical Ring Binder, Black",Rob Haberlin,38021,British Columbia,Binders and Binder Accessories,0.37
Wilson Jones DublLock® D-Ring Binders,Julie Creighton,38336,British Columbia,Binders and Binder Accessories,0.35
Micro Innovations 104 Keyboard,Julie Creighton,38336,British Columbia,Computer Peripherals,0.64
"Eldon Expressions Punched Metal & Wood Desk Accessories, Pewter & Cherry",Justin Knight,38565,British Columbia,Office Furnishings,0.57
Eureka Disposable Bags for Sanitaire® Vibra Groomer I® Upright Vac,Sally Knutson,39783,British Columbia,Appliances,0.6
GBC Standard Plastic Binding Systems Combs,Sally Knutson,39783,British Columbia,Binders and Binder Accessories,0.36
Avery 520,Sally Knutson,39783,British Columbia,Labels,0.37
"Fellowes Premier Superior Surge Suppressor, 10-Outlet, With Phone and Remote",Michelle Arnett,42500,British Columbia,Appliances,0.59
"Cardinal Slant-D® Ring Binder, Heavy Gauge Vinyl",Michelle Arnett,42500,British Columbia,Binders and Binder Accessories,0.39
Fiskars® Softgrip Scissors,Julie Creighton,44162,British Columbia,"Scissors, Rulers and Trimmers",0.57
"TOPS Money Receipt Book, Consecutively Numbered in Red,",Sally Knutson,44256,British Columbia,Paper,0.4
Xerox 226,Sally Knutson,44256,British Columbia,Paper,0.37
Sanford 52201 APSCO Electric Pencil Sharpener,Sally Knutson,44256,British Columbia,Pens & Art Supplies,0.59
Laminate Occasional Tables,Sally Knutson,44320,British Columbia,Tables,0.68
Round Ring Binders,Kimberly Carter,45377,British Columbia,Binders and Binder Accessories,0.38
Durable Pressboard Binders,Rob Haberlin,47367,British Columbia,Binders and Binder Accessories,0.38
Avery 52,Rob Haberlin,47367,British Columbia,Labels,0.38
Avery 492,Sally Knutson,47750,British Columbia,Labels,0.39
"Executive Impressions 13"" Chairman Wall Clock",Sally Knutson,47750,British Columbia,Office Furnishings,0.5
Binder Posts,Marina Lichtenstein,48388,British Columbia,Binders and Binder Accessories,0.39
Avery 498,Christina DeMoss,49059,British Columbia,Labels,0.38
Xerox 1891,Christina DeMoss,49059,British Columbia,Paper,0.38
DIXON Oriole® Pencils,Luke Weiss,49510,British Columbia,Pens & Art Supplies,0.59
Avery Durable Binders,Sally Knutson,49634,British Columbia,Binders and Binder Accessories,0.36
Avery 510,Michelle Arnett,50210,British Columbia,Labels,0.37
"Super Bands, 12/Pack",Michelle Arnett,50210,British Columbia,Rubber Bands,0.82
iDEN i95,Sanjit Chand,50503,British Columbia,Telephones and Communication,0.59
Staples 6 Outlet Surge,Anthony Johnson,50816,British Columbia,Appliances,0.58
Lock-Up Easel 'Spel-Binder',Anthony Johnson,50816,British Columbia,Binders and Binder Accessories,0.38
"Memorex 4.7GB DVD+R, 3/Pack",Anthony Johnson,50816,British Columbia,Computer Peripherals,0.42
"3M Polarizing Task Lamp with Clamp Arm, Light Gray",Luke Weiss,51073,British Columbia,Office Furnishings,0.59
"Advantus Employee of the Month Certificate Frame, 11 x 13-1/2",Luke Weiss,51073,British Columbia,Office Furnishings,0.44
Office Star Flex Back Scooter Chair with White Frame,Rob Haberlin,51584,British Columbia,Chairs & Chairmats,0.71
"Howard Miller 11-1/2"" Diameter Ridgewood Wall Clock",Monica Federle,51879,British Columbia,Office Furnishings,0.44
Southworth 25% Cotton Premium Laser Paper and Envelopes,Monica Federle,51879,British Columbia,Paper,0.37
Howard Miller 12-3/4 Diameter Accuwave DS ™ Wall Clock,Kimberly Carter,52288,British Columbia,Office Furnishings,0.43
Lock-Up Easel 'Spel-Binder',Michelle Arnett,53190,British Columbia,Binders and Binder Accessories,0.38
StarTAC 7760,Michelle Arnett,53190,British Columbia,Telephones and Communication,0.59
"Seth Thomas 12"" Clock w/ Goldtone Case",Sanjit Chand,53536,British Columbia,Office Furnishings,0.51
Bevis Round Conference Room Tables and Bases,Sanjit Chand,53536,British Columbia,Tables,0.71
#10 Self-Seal White Envelopes,Marina Lichtenstein,53572,British Columbia,Envelopes,0.36
Xerox 1885,Joy Smith,53825,British Columbia,Paper,0.37
Fellowes Super Stor/Drawer® Files,Christina DeMoss,53863,British Columbia,Storage & Organization,0.66
"Advantus Push Pins, Aluminum Head",Monica Federle,54119,British Columbia,Rubber Bands,0.54
Acco Perma® 2700 Stacking Storage Drawers,Monica Federle,54119,British Columbia,Storage & Organization,0.7
"Acco Pressboard Covers with Storage Hooks, 14 7/8"" x 11"", Dark Blue",Michelle Arnett,56224,British Columbia,Binders and Binder Accessories,0.36
Bevis Steel Folding Chairs,Michelle Arnett,56224,British Columbia,Chairs & Chairmats,0.57
"Staples Vinyl Coated Paper Clips, 800/Box",Michelle Arnett,56224,British Columbia,Rubber Bands,0.4
Bevis 36 x 72 Conference Tables,Michelle Arnett,56224,British Columbia,Tables,0.63
Telescoping Adjustable Floor Lamp,Michelle Arnett,56293,British Columbia,Office Furnishings,0.6
"Tenex Personal Self-Stacking Standard File Box, Black/Gray",Michelle Arnett,56293,British Columbia,Storage & Organization,0.58
"Advantus Push Pins, Aluminum Head",Sally Knutson,57959,British Columbia,Rubber Bands,0.54
"Micro Innovations Micro 3000 Keyboard, Black",Sally Knutson,57959,British Columbia,Computer Peripherals,0.75
LX 677,Christina DeMoss,58500,British Columbia,Telephones and Communication,0.57
"Bush Westfield Collection Bookcases, Fully Assembled",Joy Smith,59584,British Columbia,Bookcases,0.62
Canon MP41DH Printing Calculator,Joy Smith,59584,British Columbia,Office Machines,0.38
7160,Sonia Sunley,261,British Columbia,Telephones and Communication,0.59
Belkin 8 Outlet SurgeMaster II Gold Surge Protector,Anthony O'Donnell,928,British Columbia,Appliances,0.57
DAX Clear Channel Poster Frame,Anthony O'Donnell,928,British Columbia,Office Furnishings,0.48
"Memorex 4.7GB DVD-RAM, 3/Pack",Emily Grady,1282,British Columbia,Computer Peripherals,0.42
Prang Drawing Pencil Set,Emily Grady,1282,British Columbia,Pens & Art Supplies,0.45
Euro Pro Shark Stick Mini Vacuum,Alex Avila,1856,British Columbia,Appliances,0.59
M3682,Alex Avila,1856,British Columbia,Telephones and Communication,0.57
StarTAC 6500,Alex Avila,1856,British Columbia,Telephones and Communication,0.59
SAFCO Arco Folding Chair,Brian Moss,1925,British Columbia,Chairs & Chairmats,
Eldon Advantage® Chair Mats for Low to Medium Pile Carpets,Emily Grady,2848,British Columbia,Office Furnishings,0.75
SC7868i,Emily Grady,2848,British Columbia,Telephones and Communication,0.55
HP Office Recycled Paper (20Lb. and 87 Bright),Anna Andreadi,5504,British Columbia,Paper,0.36
KF 788,Anna Andreadi,5504,British Columbia,Telephones and Communication,0.56
Logitech Internet Navigator Keyboard,Emily Grady,8390,British Columbia,Computer Peripherals,0.8
ACCOHIDE® Binder by Acco,Barbara Fisher,8545,British Columbia,Binders and Binder Accessories,0.38
"O'Sullivan Elevations Bookcase, Cherry Finish",Barbara Fisher,8545,British Columbia,Bookcases,0.69
Serrated Blade or Curved Handle Hand Letter Openers,Emily Grady,9573,British Columbia,"Scissors, Rulers and Trimmers",0.84
"Tyvek ® Top-Opening Peel & Seel Envelopes, Plain White",Kelly Williams,9892,British Columbia,Envelopes,0.38
Keytronic 105-Key Spanish Keyboard,Sonia Sunley,10048,British Columbia,Computer Peripherals,0.77
"*Staples* vLetter Openers, 2/Pack",Sonia Sunley,10048,British Columbia,"Scissors, Rulers and Trimmers",0.83
Hon 4700 Series Mobuis™ Mid-Back Task Chairs with Adjustable Arms,Sonia Sunley,10144,British Columbia,Chairs & Chairmats,0.64
Office Star - Mid Back Dual function Ergonomic High Back Chair with 2-Way Adjustable Arms,Sonia Sunley,10144,British Columbia,Chairs & Chairmats,0.62
Global Adaptabilities™ Conference Tables,Sonia Sunley,10144,British Columbia,Tables,0.66
Motorola SB4200 Cable Modem,Sonia Sunley,10432,British Columbia,Computer Peripherals,0.48
"Acme Design Line 8"" Stainless Steel Bent Scissors w/Champagne Handles, 3-1/8"" Cut",Jocasta Rupert,10661,British Columbia,"Scissors, Rulers and Trimmers",0.58
Jet-Pak Recycled Peel 'N' Seal Padded Mailers,Sonia Sunley,12806,British Columbia,Envelopes,0.4
Wilson Jones DublLock® D-Ring Binders,Kelly Williams,13158,British Columbia,Binders and Binder Accessories,0.35
Strathmore Photo Mount Cards,Anna Andreadi,13507,British Columbia,Paper,0.39
Xerox 1978,Rick Duston,14375,British Columbia,Paper,0.36
"GBC White Gloss Covers, Plain Front",Sonia Sunley,14627,British Columbia,Binders and Binder Accessories,0.38
GBC DocuBind 200 Manual Binding Machine,Angele Hood,14852,British Columbia,Binders and Binder Accessories,0.35
Self-Adhesive Address Labels for Typewriters by Universal,Sonia Sunley,16230,British Columbia,Labels,0.38
"O'Sullivan Elevations Bookcase, Cherry Finish",Sonia Sunley,16230,British Columbia,Bookcases,0.69
Xerox 1891,Sonia Sunley,16230,British Columbia,Paper,0.38
Fellowes Recycled Storage Drawers,Sonia Sunley,16230,British Columbia,Storage & Organization,0.78
"1.7 Cubic Foot Compact ""Cube"" Office Refrigerators",Sonia Sunley,19074,British Columbia,Appliances,0.58
"DAX Contemporary Wood Frame with Silver Metal Mat, Desktop, 11 x 14 Size",Dennis Bolton,20194,British Columbia,Office Furnishings,0.49
Newell 312,Stewart Carmichael,21024,British Columbia,Pens & Art Supplies,0.55
Avery 487,Dennis Bolton,21509,British Columbia,Labels,0.38
Avery 487,Sonia Sunley,21856,British Columbia,Labels,0.38
Serrated Blade or Curved Handle Hand Letter Openers,Sonia Sunley,21856,British Columbia,"Scissors, Rulers and Trimmers",0.84
"Eureka Hand Vacuum, Bagless",Stewart Carmichael,22119,British Columbia,Appliances,0.57
Airmail Envelopes,Kelly Williams,22534,British Columbia,Envelopes,0.38
Keytronic French Keyboard,Sonia Sunley,22629,British Columbia,Computer Peripherals,0.65
TDK 4.7GB DVD-R,Kelly Williams,23011,British Columbia,Computer Peripherals,0.41
"Pressboard Covers with Storage Hooks, 9 1/2"" x 11"", Light Blue",Sonia Sunley,24070,British Columbia,Binders and Binder Accessories,0.38
Hon Olson Stacker Stools,Sonia Sunley,24070,British Columbia,Chairs & Chairmats,0.57
Newell 314,Sonia Sunley,24070,British Columbia,Pens & Art Supplies,0.6
Global Ergonomic Managers Chair,Sonia Sunley,24737,British Columbia,Chairs & Chairmats,0.59
Xerox 1995,Sonia Sunley,24737,British Columbia,Paper,0.37
Belkin 8 Outlet Surge Protector,Anna Andreadi,26373,British Columbia,Appliances,0.57
Canon Image Class D660 Copier,Seth Vernon,26978,British Columbia,Copiers and Fax,0.44
Xerox 1919,Seth Vernon,26978,British Columbia,Paper,0.36
Eldon Jumbo ProFile™ Portable File Boxes Graphite/Black,Seth Vernon,26978,British Columbia,Storage & Organization,0.57
Accessory27,Alex Avila,27174,British Columbia,Telephones and Communication,0.85
Berol Giant Pencil Sharpener,Sarah Foster,27876,British Columbia,Pens & Art Supplies,0.56
Verbatim DVD-R 4.7GB authoring disc,Alex Avila,28582,British Columbia,Computer Peripherals,0.51
"TOPS Money Receipt Book, Consecutively Numbered in Red,",Alex Avila,28582,British Columbia,Paper,0.4
Xerox 227,Anna Andreadi,28868,British Columbia,Paper,0.37
"Sauder Forest Hills Library, Woodland Oak Finish",Angele Hood,29857,British Columbia,Bookcases,0.77
GBC VeloBinder Electric Binding Machine,Sonia Sunley,29921,British Columbia,Binders and Binder Accessories,0.35
Accessory4,Kelly Williams,30659,British Columbia,Telephones and Communication,0.85
"Lesro Sheffield Collection Coffee Table, End Table, Center Table, Corner Table",Anna Andreadi,30660,British Columbia,Tables,0.68
"Adams Phone Message Book, Professional, 400 Message Capacity, 5 3/6” x 11”",Alex Avila,30883,British Columbia,Paper,0.38
Microsoft Internet Keyboard,Jim Karlsson,32871,British Columbia,Computer Peripherals,0.77
Xerox 1962,Sonia Sunley,33600,British Columbia,Paper,0.4
636,Alex Avila,33632,British Columbia,Telephones and Communication,0.57
Global Commerce™ Series High-Back Swivel/Tilt Chairs,Lisa DeCherney,33665,British Columbia,Chairs & Chairmats,0.6
Wilson Jones Easy Flow II™ Sheet Lifters,Barbara Fisher,34434,British Columbia,Binders and Binder Accessories,0.37
Avery White Multi-Purpose Labels,Barbara Fisher,34434,British Columbia,Labels,0.39
Accessory25,Barbara Fisher,34753,British Columbia,Telephones and Communication,0.57
Xerox 199,Lisa DeCherney,35364,British Columbia,Paper,0.4
Bretford Rectangular Conference Table Tops,Lisa DeCherney,35364,British Columbia,Tables,0.74
Bush Advantage Collection® Racetrack Conference Table,Lisa DeCherney,35364,British Columbia,Tables,0.67
T28 WORLD,Lisa DeCherney,35364,British Columbia,Telephones and Communication,0.6
Hon Comfortask® Task/Swivel Chairs,Barbara Fisher,35812,British Columbia,Chairs & Chairmats,0.69
Fellowes 17-key keypad for PS/2 interface,Barbara Fisher,35812,British Columbia,Computer Peripherals,0.75
Xerox 1938,Barbara Fisher,35812,British Columbia,Paper,0.37
"Executive Impressions 12"" Wall Clock",Alex Avila,37063,British Columbia,Office Furnishings,0.47
1726 Digital Answering Machine,Roy Skaria,37281,British Columbia,Telephones and Communication,0.58
Hon 4070 Series Pagoda™ Armless Upholstered Stacking Chairs,Angele Hood,37798,British Columbia,Chairs & Chairmats,0.56
Rediform S.O.S. Phone Message Books,Seth Vernon,38017,British Columbia,Paper,0.36
StarTAC 3000,Seth Vernon,38017,British Columbia,Telephones and Communication,0.59
Staples® General Use 3-Ring Binders,Sarah Foster,38272,British Columbia,Binders and Binder Accessories,0.37
Adesso Programmable 142-Key Keyboard,Kelly Williams,39301,British Columbia,Computer Peripherals,0.79
"ACCOHIDE® 3-Ring Binder, Blue, 1""",Dennis Bolton,39367,British Columbia,Binders and Binder Accessories,0.38
Ampad #10 Peel & Seel® Holiday Envelopes,Dennis Bolton,39367,British Columbia,Envelopes,0.37
"Imation 3.5"" DS-HD Macintosh Formatted Diskettes, 10/Pack",Roy Skaria,39655,British Columbia,Computer Peripherals,0.68
Durable Pressboard Binders,Jim Karlsson,40803,British Columbia,Binders and Binder Accessories,0.38
"Global Leather and Oak Executive Chair, Black",Jim Karlsson,40803,British Columbia,Chairs & Chairmats,0.56
3M Organizer Strips,Barbara Fisher,40806,British Columbia,Binders and Binder Accessories,0.37
Xerox 1983,Anna Andreadi,43523,British Columbia,Paper,0.36
Advantus Map Pennant Flags and Round Head Tacks,Seth Vernon,44199,British Columbia,Rubber Bands,0.53
Office Star - Mid Back Dual function Ergonomic High Back Chair with 2-Way Adjustable Arms,Alex Avila,44231,British Columbia,Chairs & Chairmats,0.62
"Belkin 107-key enhanced keyboard, USB/PS/2 interface",Alex Avila,44231,British Columbia,Computer Peripherals,0.79
5185,Alex Avila,44231,British Columbia,Telephones and Communication,0.58
Hon Every-Day® Chair Series Swivel Task Chairs,Sonia Sunley,45573,British Columbia,Chairs & Chairmats,0.64
Avery 494,Lisa DeCherney,45763,British Columbia,Labels,0.39
Xerox 1905,Dennis Bolton,48165,British Columbia,Paper,0.37
Dana Halogen Swing-Arm Architect Lamp,Anthony O'Donnell,48197,British Columbia,Office Furnishings,0.57
Maxell DVD-RAM Discs,Barbara Fisher,48484,British Columbia,Computer Peripherals,0.42
"DAX Contemporary Wood Frame with Silver Metal Mat, Desktop, 11 x 14 Size",Barbara Fisher,48484,British Columbia,Office Furnishings,0.49
Computer Printout Paper with Letter-Trim Perforations,Barbara Fisher,48484,British Columbia,Paper,0.37
